Code Domaine,Domaine,Code zone (M49),Zone,Code Élément,Élément,Code Produit (CPC),Produit,Code année,Année,Unité,Valeur,Symbole,Description du Symbole,Note
"TCL","Cultures et produits animaux","004","Afghanistan","5609","Importations - quantité","02151","Poulets","2023","2023","1000 têtes","9275","X","Chiffre de source externe","Données estimées en utilisant les données des pays partenaires"
"TCL","Cultures et produits animaux","004","Afghanistan","5622","Importations - valeur","02151","Poulets","2023","2023","1000 USD","2524","X","Chiffre de source externe","Données estimées en utilisant les données des pays partenaires"
"TCL","Cultures et produits animaux","710","Afrique du Sud","5609","Importations - quantité","02151","Poulets","2023","2023","1000 têtes","457","A","Chiffre officiel",""
"TCL","Cultures et produits animaux","710","Afrique du Sud","5622","Importations - valeur","02151","Poulets","2023","2023","1000 USD","14207","A","Chiffre officiel",""
"TCL","Cultures et produits animaux","008","Albanie","5609","Importations - quantité","02151","Poulets","2023","2023","1000 têtes","8545","X","Chiffre de source externe","Données estimées en utilisant les données des pays partenaires"
"TCL","Cultures et produits animaux","008","Albanie","5622","Importations - valeur","02151","Poulets","2023","2023","1000 USD","5555","A","Chiffre officiel",""
"TCL","Cultures et produits animaux","012","Algérie","5609","Importations - quantité","02151","Poulets","2023","2023","1000 têtes","4922","X","Chiffre de source externe","Données estimées en utilisant les données des pays partenaires"
"TCL","Cultures et produits animaux","012","Algérie","5622","Importations - valeur","02151","Poulets","2023","2023","1000 USD","33284","X","Chiffre de source externe","Données estimées en utilisant les données des pays partenaires"
"TCL","Cultures et produits animaux","276","Allemagne","5609","Importations - quantité","02151","Poulets","2023","2023","1000 têtes","111823","A","Chiffre officiel",""
"TCL","Cultures et produits animaux","276","Allemagne","5622","Importations - valeur","02151","Poulets","2023","2023","1000 USD","168149","A","Chiffre officiel",""
"TCL","Cultures et produits animaux","024","Angola","5609","Importations - quantité","02151","Poulets","2023","2023","1000 têtes","717","A","Chiffre officiel",""
"TCL","Cultures et produits animaux","024","Angola","5622","Importations - valeur","02151","Poulets","2023","2023","1000 USD","1383","A","Chiffre officiel",""
"TCL","Cultures et produits animaux","028","Antigua-et-Barbuda","5609","Importations - quantité","02151","Poulets","2023","2023","1000 têtes","0","A","Chiffre officiel",""
"TCL","Cultures et produits animaux","028","Antigua-et-Barbuda","5622","Importations - valeur","02151","Poulets","2023","2023","1000 USD","17","A","Chiffre officiel",""
"TCL","Cultures et produits animaux","682","Arabie saoudite","5609","Importations - quantité","02151","Poulets","2023","2023","1000 têtes","343","I","Valeur imputée par une agence réceptrice",""
"TCL","Cultures et produits animaux","682","Arabie saoudite","5622","Importations - valeur","02151","Poulets","2023","2023","1000 USD","31672","A","Chiffre officiel",""
"TCL","Cultures et produits animaux","032","Argentine","5609","Importations - quantité","02151","Poulets","2023","2023","1000 têtes","28","A","Chiffre officiel",""
"TCL","Cultures et produits animaux","032","Argentine","5622","Importations - valeur","02151","Poulets","2023","2023","1000 USD","22913","A","Chiffre officiel",""
"TCL","Cultures et produits animaux","051","Arménie","5609","Importations - quantité","02151","Poulets","2023","2023","1000 têtes","309","A","Chiffre officiel",""
"TCL","Cultures et produits animaux","051","Arménie","5622","Importations - valeur","02151","Poulets","2023","2023","1000 USD","3405","A","Chiffre officiel",""
"TCL","Cultures et produits animaux","040","Autriche","5609","Importations - quantité","02151","Poulets","2023","2023","1000 têtes","22682","A","Chiffre officiel",""
"TCL","Cultures et produits animaux","040","Autriche","5622","Importations - valeur","02151","Poulets","2023","2023","1000 USD","61961","A","Chiffre officiel",""
"TCL","Cultures et produits animaux","031","Azerbaïdjan","5609","Importations - quantité","02151","Poulets","2023","2023","1000 têtes","924","A","Chiffre officiel",""
"TCL","Cultures et produits animaux","031","Azerbaïdjan","5622","Importations - valeur","02151","Poulets","2023","2023","1000 USD","12639","A","Chiffre officiel",""
"TCL","Cultures et produits animaux","044","Bahamas","5609","Importations - quantité","02151","Poulets","2023","2023","1000 têtes","62","A","Chiffre officiel",""
"TCL","Cultures et produits animaux","044","Bahamas","5622","Importations - valeur","02151","Poulets","2023","2023","1000 USD","242","A","Chiffre officiel",""
"TCL","Cultures et produits animaux","048","Bahreïn","5609","Importations - quantité","02151","Poulets","2023","2023","1000 têtes","6","I","Valeur imputée par une agence réceptrice",""
"TCL","Cultures et produits animaux","048","Bahreïn","5622","Importations - valeur","02151","Poulets","2023","2023","1000 USD","227","A","Chiffre officiel",""
"TCL","Cultures et produits animaux","050","Bangladesh","5609","Importations - quantité","02151","Poulets","2023","2023","1000 têtes","2246","X","Chiffre de source externe","Données estimées en utilisant les données des pays partenaires"
"TCL","Cultures et produits animaux","050","Bangladesh","5622","Importations - valeur","02151","Poulets","2023","2023","1000 USD","21629","X","Chiffre de source externe","Données estimées en utilisant les données des pays partenaires"
"TCL","Cultures et produits animaux","112","Bélarus","5609","Importations - quantité","02151","Poulets","2023","2023","1000 têtes","4829","X","Chiffre de source externe","Données estimées en utilisant les données des pays partenaires"
"TCL","Cultures et produits animaux","112","Bélarus","5622","Importations - valeur","02151","Poulets","2023","2023","1000 USD","10841","X","Chiffre de source externe","Données estimées en utilisant les données des pays partenaires"
"TCL","Cultures et produits animaux","056","Belgique","5609","Importations - quantité","02151","Poulets","2023","2023","1000 têtes","101413","A","Chiffre officiel",""
"TCL","Cultures et produits animaux","056","Belgique","5622","Importations - valeur","02151","Poulets","2023","2023","1000 USD","244074","A","Chiffre officiel",""
"TCL","Cultures et produits animaux","084","Belize","5609","Importations - quantité","02151","Poulets","2023","2023","1000 têtes","111","X","Chiffre de source externe","Données estimées en utilisant les données des pays partenaires"
"TCL","Cultures et produits animaux","084","Belize","5622","Importations - valeur","02151","Poulets","2023","2023","1000 USD","835","X","Chiffre de source externe","Données estimées en utilisant les données des pays partenaires"
"TCL","Cultures et produits animaux","204","Bénin","5609","Importations - quantité","02151","Poulets","2023","2023","1000 têtes","93","A","Chiffre officiel",""
"TCL","Cultures et produits animaux","204","Bénin","5622","Importations - valeur","02151","Poulets","2023","2023","1000 USD","892","A","Chiffre officiel",""
"TCL","Cultures et produits animaux","064","Bhoutan","5609","Importations - quantité","02151","Poulets","2023","2023","1000 têtes","917","A","Chiffre officiel",""
"TCL","Cultures et produits animaux","064","Bhoutan","5622","Importations - valeur","02151","Poulets","2023","2023","1000 USD","629","A","Chiffre officiel",""
"TCL","Cultures et produits animaux","068","Bolivie (État plurinational de)","5609","Importations - quantité","02151","Poulets","2023","2023","1000 têtes","1911","I","Valeur imputée par une agence réceptrice",""
"TCL","Cultures et produits animaux","068","Bolivie (État plurinational de)","5622","Importations - valeur","02151","Poulets","2023","2023","1000 USD","15553","A","Chiffre officiel",""
"TCL","Cultures et produits animaux","070","Bosnie-Herzégovine","5609","Importations - quantité","02151","Poulets","2023","2023","1000 têtes","38441","A","Chiffre officiel",""
"TCL","Cultures et produits animaux","070","Bosnie-Herzégovine","5622","Importations - valeur","02151","Poulets","2023","2023","1000 USD","3778","A","Chiffre officiel",""
"TCL","Cultures et produits animaux","072","Botswana","5609","Importations - quantité","02151","Poulets","2023","2023","1000 têtes","23","A","Chiffre officiel",""
"TCL","Cultures et produits animaux","072","Botswana","5622","Importations - valeur","02151","Poulets","2023","2023","1000 USD","1764","A","Chiffre officiel",""
"TCL","Cultures et produits animaux","076","Brésil","5609","Importations - quantité","02151","Poulets","2023","2023","1000 têtes","3","A","Chiffre officiel",""
"TCL","Cultures et produits animaux","076","Brésil","5622","Importations - valeur","02151","Poulets","2023","2023","1000 USD","525","A","Chiffre officiel",""
"TCL","Cultures et produits animaux","096","Brunéi Darussalam","5609","Importations - quantité","02151","Poulets","2023","2023","1000 têtes","1881","A","Chiffre officiel",""
"TCL","Cultures et produits animaux","096","Brunéi Darussalam","5622","Importations - valeur","02151","Poulets","2023","2023","1000 USD","1900","A","Chiffre officiel",""
"TCL","Cultures et produits animaux","100","Bulgarie","5609","Importations - quantité","02151","Poulets","2023","2023","1000 têtes","2887","A","Chiffre officiel",""
"TCL","Cultures et produits animaux","100","Bulgarie","5622","Importations - valeur","02151","Poulets","2023","2023","1000 USD","8316","A","Chiffre officiel",""
"TCL","Cultures et produits animaux","854","Burkina Faso","5609","Importations - quantité","02151","Poulets","2023","2023","1000 têtes","1574","A","Chiffre officiel",""
"TCL","Cultures et produits animaux","854","Burkina Faso","5622","Importations - valeur","02151","Poulets","2023","2023","1000 USD","424","A","Chiffre officiel",""
"TCL","Cultures et produits animaux","108","Burundi","5609","Importations - quantité","02151","Poulets","2023","2023","1000 têtes","138","A","Chiffre officiel",""
"TCL","Cultures et produits animaux","108","Burundi","5622","Importations - valeur","02151","Poulets","2023","2023","1000 USD","368","A","Chiffre officiel",""
"TCL","Cultures et produits animaux","132","Cabo Verde","5609","Importations - quantité","02151","Poulets","2023","2023","1000 têtes","199","A","Chiffre officiel",""
"TCL","Cultures et produits animaux","132","Cabo Verde","5622","Importations - valeur","02151","Poulets","2023","2023","1000 USD","338","A","Chiffre officiel",""
"TCL","Cultures et produits animaux","116","Cambodge","5609","Importations - quantité","02151","Poulets","2023","2023","1000 têtes","117","A","Chiffre officiel",""
"TCL","Cultures et produits animaux","116","Cambodge","5622","Importations - valeur","02151","Poulets","2023","2023","1000 USD","2200","A","Chiffre officiel",""
"TCL","Cultures et produits animaux","120","Cameroun","5609","Importations - quantité","02151","Poulets","2023","2023","1000 têtes","61","A","Chiffre officiel",""
"TCL","Cultures et produits animaux","120","Cameroun","5622","Importations - valeur","02151","Poulets","2023","2023","1000 USD","4355","A","Chiffre officiel",""
"TCL","Cultures et produits animaux","124","Canada","5609","Importations - quantité","02151","Poulets","2023","2023","1000 têtes","30945","A","Chiffre officiel",""
"TCL","Cultures et produits animaux","124","Canada","5622","Importations - valeur","02151","Poulets","2023","2023","1000 USD","73145","A","Chiffre officiel",""
"TCL","Cultures et produits animaux","152","Chili","5609","Importations - quantité","02151","Poulets","2023","2023","1000 têtes","26","X","Chiffre de source externe","Données estimées en utilisant les données des pays partenaires"
"TCL","Cultures et produits animaux","152","Chili","5622","Importations - valeur","02151","Poulets","2023","2023","1000 USD","7237","X","Chiffre de source externe","Données estimées en utilisant les données des pays partenaires"
"TCL","Cultures et produits animaux","159","Chine","5609","Importations - quantité","02151","Poulets","2023","2023","1000 têtes","9812","E","Valeur estimée",""
"TCL","Cultures et produits animaux","159","Chine","5622","Importations - valeur","02151","Poulets","2023","2023","1000 USD","51371","E","Valeur estimée",""
"TCL","Cultures et produits animaux","344","Chine - RAS de Hong-Kong","5609","Importations - quantité","02151","Poulets","2023","2023","1000 têtes","3493","A","Chiffre officiel",""
"TCL","Cultures et produits animaux","344","Chine - RAS de Hong-Kong","5622","Importations - valeur","02151","Poulets","2023","2023","1000 USD","1475","A","Chiffre officiel",""
"TCL","Cultures et produits animaux","446","Chine - RAS de Macao","5609","Importations - quantité","02151","Poulets","2023","2023","1000 têtes","3070","E","Valeur estimée",""
"TCL","Cultures et produits animaux","446","Chine - RAS de Macao","5622","Importations - valeur","02151","Poulets","2023","2023","1000 USD","18800","E","Valeur estimée",""
"TCL","Cultures et produits animaux","156","Chine, continentale","5609","Importations - quantité","02151","Poulets","2023","2023","1000 têtes","2661","I","Valeur imputée par une agence réceptrice",""
"TCL","Cultures et produits animaux","156","Chine, continentale","5622","Importations - valeur","02151","Poulets","2023","2023","1000 USD","22197","A","Chiffre officiel",""
"TCL","Cultures et produits animaux","158","Chine, Taiwan Province de","5609","Importations - quantité","02151","Poulets","2023","2023","1000 têtes","588","I","Valeur imputée par une agence réceptrice",""
"TCL","Cultures et produits animaux","158","Chine, Taiwan Province de","5622","Importations - valeur","02151","Poulets","2023","2023","1000 USD","8899","A","Chiffre officiel",""
"TCL","Cultures et produits animaux","196","Chypre","5609","Importations - quantité","02151","Poulets","2023","2023","1000 têtes","238","A","Chiffre officiel",""
"TCL","Cultures et produits animaux","196","Chypre","5622","Importations - valeur","02151","Poulets","2023","2023","1000 USD","752","A","Chiffre officiel",""
"TCL","Cultures et produits animaux","170","Colombie","5609","Importations - quantité","02151","Poulets","2023","2023","1000 têtes","36","A","Chiffre officiel",""
"TCL","Cultures et produits animaux","170","Colombie","5622","Importations - valeur","02151","Poulets","2023","2023","1000 USD","23464","A","Chiffre officiel",""
"TCL","Cultures et produits animaux","174","Comores","5609","Importations - quantité","02151","Poulets","2023","2023","1000 têtes","196","X","Chiffre de source externe","Données estimées en utilisant les données des pays partenaires"
"TCL","Cultures et produits animaux","174","Comores","5622","Importations - valeur","02151","Poulets","2023","2023","1000 USD","131","I","Valeur imputée par une agence réceptrice",""
"TCL","Cultures et produits animaux","178","Congo","5609","Importations - quantité","02151","Poulets","2023","2023","1000 têtes","288","A","Chiffre officiel",""
"TCL","Cultures et produits animaux","178","Congo","5622","Importations - valeur","02151","Poulets","2023","2023","1000 USD","251","A","Chiffre officiel",""
"TCL","Cultures et produits animaux","188","Costa Rica","5609","Importations - quantité","02151","Poulets","2023","2023","1000 têtes","1046","A","Chiffre officiel",""
"TCL","Cultures et produits animaux","188","Costa Rica","5622","Importations - valeur","02151","Poulets","2023","2023","1000 USD","8510","A","Chiffre officiel",""
"TCL","Cultures et produits animaux","384","Côte d'Ivoire","5609","Importations - quantité","02151","Poulets","2023","2023","1000 têtes","1740","A","Chiffre officiel",""
"TCL","Cultures et produits animaux","384","Côte d'Ivoire","5622","Importations - valeur","02151","Poulets","2023","2023","1000 USD","5775","A","Chiffre officiel",""
"TCL","Cultures et produits animaux","191","Croatie","5609","Importations - quantité","02151","Poulets","2023","2023","1000 têtes","10222","A","Chiffre officiel",""
"TCL","Cultures et produits animaux","191","Croatie","5622","Importations - valeur","02151","Poulets","2023","2023","1000 USD","8943","A","Chiffre officiel",""
"TCL","Cultures et produits animaux","192","Cuba","5609","Importations - quantité","02151","Poulets","2023","2023","1000 têtes","75","X","Chiffre de source externe","Données estimées en utilisant les données des pays partenaires"
"TCL","Cultures et produits animaux","192","Cuba","5622","Importations - valeur","02151","Poulets","2023","2023","1000 USD","71","X","Chiffre de source externe","Données estimées en utilisant les données des pays partenaires"
"TCL","Cultures et produits animaux","208","Danemark","5609","Importations - quantité","02151","Poulets","2023","2023","1000 têtes","3079","A","Chiffre officiel",""
"TCL","Cultures et produits animaux","208","Danemark","5622","Importations - valeur","02151","Poulets","2023","2023","1000 USD","11410","A","Chiffre officiel",""
"TCL","Cultures et produits animaux","262","Djibouti","5609","Importations - quantité","02151","Poulets","2023","2023","1000 têtes","97","A","Chiffre officiel",""
"TCL","Cultures et produits animaux","262","Djibouti","5622","Importations - valeur","02151","Poulets","2023","2023","1000 USD","151","A","Chiffre officiel",""
"TCL","Cultures et produits animaux","212","Dominique","5609","Importations - quantité","02151","Poulets","2023","2023","1000 têtes","4","A","Chiffre officiel",""
"TCL","Cultures et produits animaux","212","Dominique","5622","Importations - valeur","02151","Poulets","2023","2023","1000 USD","143","A","Chiffre officiel",""
"TCL","Cultures et produits animaux","818","Égypte","5609","Importations - quantité","02151","Poulets","2023","2023","1000 têtes","1544","I","Valeur imputée par une agence réceptrice",""
"TCL","Cultures et produits animaux","818","Égypte","5622","Importations - valeur","02151","Poulets","2023","2023","1000 USD","16743","A","Chiffre officiel",""
"TCL","Cultures et produits animaux","222","El Salvador","5609","Importations - quantité","02151","Poulets","2023","2023","1000 têtes","4775","A","Chiffre officiel",""
"TCL","Cultures et produits animaux","222","El Salvador","5622","Importations - valeur","02151","Poulets","2023","2023","1000 USD","10325","A","Chiffre officiel",""
"TCL","Cultures et produits animaux","784","Émirats arabes unis","5609","Importations - quantité","02151","Poulets","2023","2023","1000 têtes","3916","I","Valeur imputée par une agence réceptrice",""
"TCL","Cultures et produits animaux","784","Émirats arabes unis","5622","Importations - valeur","02151","Poulets","2023","2023","1000 USD","3842","A","Chiffre officiel",""
"TCL","Cultures et produits animaux","218","Équateur","5609","Importations - quantité","02151","Poulets","2023","2023","1000 têtes","2417","A","Chiffre officiel",""
"TCL","Cultures et produits animaux","218","Équateur","5622","Importations - valeur","02151","Poulets","2023","2023","1000 USD","21112","A","Chiffre officiel",""
"TCL","Cultures et produits animaux","724","Espagne","5609","Importations - quantité","02151","Poulets","2023","2023","1000 têtes","66212","A","Chiffre officiel",""
"TCL","Cultures et produits animaux","724","Espagne","5622","Importations - valeur","02151","Poulets","2023","2023","1000 USD","51202","A","Chiffre officiel",""
"TCL","Cultures et produits animaux","233","Estonie","5609","Importations - quantité","02151","Poulets","2023","2023","1000 têtes","14122","A","Chiffre officiel",""
"TCL","Cultures et produits animaux","233","Estonie","5622","Importations - valeur","02151","Poulets","2023","2023","1000 USD","6552","A","Chiffre officiel",""
"TCL","Cultures et produits animaux","840","États-Unis d'Amérique","5609","Importations - quantité","02151","Poulets","2023","2023","1000 têtes","2798","A","Chiffre officiel",""
"TCL","Cultures et produits animaux","840","États-Unis d'Amérique","5622","Importations - valeur","02151","Poulets","2023","2023","1000 USD","10438","A","Chiffre officiel",""
"TCL","Cultures et produits animaux","231","Éthiopie","5609","Importations - quantité","02151","Poulets","2023","2023","1000 têtes","6","A","Chiffre officiel",""
"TCL","Cultures et produits animaux","231","Éthiopie","5622","Importations - valeur","02151","Poulets","2023","2023","1000 USD","490","A","Chiffre officiel",""
"TCL","Cultures et produits animaux","643","Fédération de Russie","5609","Importations - quantité","02151","Poulets","2023","2023","1000 têtes","1284","X","Chiffre de source externe","Données estimées en utilisant les données des pays partenaires"
"TCL","Cultures et produits animaux","643","Fédération de Russie","5622","Importations - valeur","02151","Poulets","2023","2023","1000 USD","13952","X","Chiffre de source externe","Données estimées en utilisant les données des pays partenaires"
"TCL","Cultures et produits animaux","242","Fidji","5609","Importations - quantité","02151","Poulets","2023","2023","1000 têtes","598","A","Chiffre officiel",""
"TCL","Cultures et produits animaux","242","Fidji","5622","Importations - valeur","02151","Poulets","2023","2023","1000 USD","2467","A","Chiffre officiel",""
"TCL","Cultures et produits animaux","246","Finlande","5609","Importations - quantité","02151","Poulets","2023","2023","1000 têtes","2189","A","Chiffre officiel",""
"TCL","Cultures et produits animaux","246","Finlande","5622","Importations - valeur","02151","Poulets","2023","2023","1000 USD","4116","A","Chiffre officiel",""
"TCL","Cultures et produits animaux","250","France","5609","Importations - quantité","02151","Poulets","2023","2023","1000 têtes","23306","A","Chiffre officiel",""
"TCL","Cultures et produits animaux","250","France","5622","Importations - valeur","02151","Poulets","2023","2023","1000 USD","73914","A","Chiffre officiel",""
"TCL","Cultures et produits animaux","266","Gabon","5609","Importations - quantité","02151","Poulets","2023","2023","1000 têtes","13","A","Chiffre officiel",""
"TCL","Cultures et produits animaux","266","Gabon","5622","Importations - valeur","02151","Poulets","2023","2023","1000 USD","537","A","Chiffre officiel",""
"TCL","Cultures et produits animaux","270","Gambie","5609","Importations - quantité","02151","Poulets","2023","2023","1000 têtes","1","A","Chiffre officiel",""
"TCL","Cultures et produits animaux","270","Gambie","5622","Importations - valeur","02151","Poulets","2023","2023","1000 USD","12","A","Chiffre officiel",""
"TCL","Cultures et produits animaux","268","Géorgie","5609","Importations - quantité","02151","Poulets","2023","2023","1000 têtes","968","A","Chiffre officiel",""
"TCL","Cultures et produits animaux","268","Géorgie","5622","Importations - valeur","02151","Poulets","2023","2023","1000 USD","7134","A","Chiffre officiel",""
"TCL","Cultures et produits animaux","288","Ghana","5609","Importations - quantité","02151","Poulets","2023","2023","1000 têtes","10022","A","Chiffre officiel",""
"TCL","Cultures et produits animaux","288","Ghana","5622","Importations - valeur","02151","Poulets","2023","2023","1000 USD","11325","A","Chiffre officiel",""
"TCL","Cultures et produits animaux","300","Grèce","5609","Importations - quantité","02151","Poulets","2023","2023","1000 têtes","3334","A","Chiffre officiel",""
"TCL","Cultures et produits animaux","300","Grèce","5622","Importations - valeur","02151","Poulets","2023","2023","1000 USD","7130","A","Chiffre officiel",""
"TCL","Cultures et produits animaux","308","Grenade","5609","Importations - quantité","02151","Poulets","2023","2023","1000 têtes","11","A","Chiffre officiel",""
"TCL","Cultures et produits animaux","308","Grenade","5622","Importations - valeur","02151","Poulets","2023","2023","1000 USD","483","A","Chiffre officiel",""
"TCL","Cultures et produits animaux","320","Guatemala","5609","Importations - quantité","02151","Poulets","2023","2023","1000 têtes","7287","A","Chiffre officiel",""
"TCL","Cultures et produits animaux","320","Guatemala","5622","Importations - valeur","02151","Poulets","2023","2023","1000 USD","20921","A","Chiffre officiel",""
"TCL","Cultures et produits animaux","324","Guinée","5609","Importations - quantité","02151","Poulets","2023","2023","1000 têtes","1526","X","Chiffre de source externe","Données estimées en utilisant les données des pays partenaires"
"TCL","Cultures et produits animaux","324","Guinée","5622","Importations - valeur","02151","Poulets","2023","2023","1000 USD","1989","X","Chiffre de source externe","Données estimées en utilisant les données des pays partenaires"
"TCL","Cultures et produits animaux","226","Guinée équatoriale","5609","Importations - quantité","02151","Poulets","2023","2023","1000 têtes","43","X","Chiffre de source externe","Données estimées en utilisant les données des pays partenaires"
"TCL","Cultures et produits animaux","226","Guinée équatoriale","5622","Importations - valeur","02151","Poulets","2023","2023","1000 USD","36","X","Chiffre de source externe","Données estimées en utilisant les données des pays partenaires"
"TCL","Cultures et produits animaux","624","Guinée-Bissau","5609","Importations - quantité","02151","Poulets","2023","2023","1000 têtes","17","X","Chiffre de source externe","Données estimées en utilisant les données des pays partenaires"
"TCL","Cultures et produits animaux","624","Guinée-Bissau","5622","Importations - valeur","02151","Poulets","2023","2023","1000 USD","11","X","Chiffre de source externe","Données estimées en utilisant les données des pays partenaires"
"TCL","Cultures et produits animaux","328","Guyana","5609","Importations - quantité","02151","Poulets","2023","2023","1000 têtes","82","A","Chiffre officiel",""
"TCL","Cultures et produits animaux","328","Guyana","5622","Importations - valeur","02151","Poulets","2023","2023","1000 USD","211","A","Chiffre officiel",""
"TCL","Cultures et produits animaux","332","Haïti","5609","Importations - quantité","02151","Poulets","2023","2023","1000 têtes","15","X","Chiffre de source externe","Données estimées en utilisant les données des pays partenaires"
"TCL","Cultures et produits animaux","332","Haïti","5622","Importations - valeur","02151","Poulets","2023","2023","1000 USD","29","X","Chiffre de source externe","Données estimées en utilisant les données des pays partenaires"
"TCL","Cultures et produits animaux","340","Honduras","5609","Importations - quantité","02151","Poulets","2023","2023","1000 têtes","3871","A","Chiffre officiel",""
"TCL","Cultures et produits animaux","340","Honduras","5622","Importations - valeur","02151","Poulets","2023","2023","1000 USD","12622","A","Chiffre officiel",""
"TCL","Cultures et produits animaux","348","Hongrie","5609","Importations - quantité","02151","Poulets","2023","2023","1000 têtes","24100","A","Chiffre officiel",""
"TCL","Cultures et produits animaux","348","Hongrie","5622","Importations - valeur","02151","Poulets","2023","2023","1000 USD","77440","A","Chiffre officiel",""
"TCL","Cultures et produits animaux","184","Îles Cook","5609","Importations - quantité","02151","Poulets","2023","2023","1000 têtes","2","X","Chiffre de source externe","Données estimées en utilisant les données des pays partenaires"
"TCL","Cultures et produits animaux","184","Îles Cook","5622","Importations - valeur","02151","Poulets","2023","2023","1000 USD","7","X","Chiffre de source externe","Données estimées en utilisant les données des pays partenaires"
"TCL","Cultures et produits animaux","234","Îles Féroé","5609","Importations - quantité","02151","Poulets","2023","2023","1000 têtes","0","X","Chiffre de source externe","Données estimées en utilisant les données des pays partenaires"
"TCL","Cultures et produits animaux","234","Îles Féroé","5622","Importations - valeur","02151","Poulets","2023","2023","1000 USD","17","X","Chiffre de source externe","Données estimées en utilisant les données des pays partenaires"
"TCL","Cultures et produits animaux","356","Inde","5609","Importations - quantité","02151","Poulets","2023","2023","1000 têtes","36","A","Chiffre officiel",""
"TCL","Cultures et produits animaux","356","Inde","5622","Importations - valeur","02151","Poulets","2023","2023","1000 USD","3321","A","Chiffre officiel",""
"TCL","Cultures et produits animaux","360","Indonésie","5609","Importations - quantité","02151","Poulets","2023","2023","1000 têtes","1140","A","Chiffre officiel",""
"TCL","Cultures et produits animaux","360","Indonésie","5622","Importations - valeur","02151","Poulets","2023","2023","1000 USD","44072","A","Chiffre officiel",""
"TCL","Cultures et produits animaux","364","Iran (République islamique d')","5609","Importations - quantité","02151","Poulets","2023","2023","1000 têtes","322","X","Chiffre de source externe","Données estimées en utilisant les données des pays partenaires"
"TCL","Cultures et produits animaux","364","Iran (République islamique d')","5622","Importations - valeur","02151","Poulets","2023","2023","1000 USD","5833","X","Chiffre de source externe","Données estimées en utilisant les données des pays partenaires"
"TCL","Cultures et produits animaux","368","Iraq","5609","Importations - quantité","02151","Poulets","2023","2023","1000 têtes","982","X","Chiffre de source externe","Données estimées en utilisant les données des pays partenaires"
"TCL","Cultures et produits animaux","368","Iraq","5622","Importations - valeur","02151","Poulets","2023","2023","1000 USD","11378","X","Chiffre de source externe","Données estimées en utilisant les données des pays partenaires"
"TCL","Cultures et produits animaux","372","Irlande","5609","Importations - quantité","02151","Poulets","2023","2023","1000 têtes","7116","A","Chiffre officiel",""
"TCL","Cultures et produits animaux","372","Irlande","5622","Importations - valeur","02151","Poulets","2023","2023","1000 USD","8727","A","Chiffre officiel",""
"TCL","Cultures et produits animaux","376","Israël","5609","Importations - quantité","02151","Poulets","2023","2023","1000 têtes","400","I","Valeur imputée par une agence réceptrice",""
"TCL","Cultures et produits animaux","376","Israël","5622","Importations - valeur","02151","Poulets","2023","2023","1000 USD","4558","A","Chiffre officiel",""
"TCL","Cultures et produits animaux","380","Italie","5609","Importations - quantité","02151","Poulets","2023","2023","1000 têtes","15522","A","Chiffre officiel",""
"TCL","Cultures et produits animaux","380","Italie","5622","Importations - valeur","02151","Poulets","2023","2023","1000 USD","44600","A","Chiffre officiel",""
"TCL","Cultures et produits animaux","388","Jamaïque","5609","Importations - quantité","02151","Poulets","2023","2023","1000 têtes","795","A","Chiffre officiel",""
"TCL","Cultures et produits animaux","388","Jamaïque","5622","Importations - valeur","02151","Poulets","2023","2023","1000 USD","1609","A","Chiffre officiel",""
"TCL","Cultures et produits animaux","392","Japon","5609","Importations - quantité","02151","Poulets","2023","2023","1000 têtes","255","A","Chiffre officiel",""
"TCL","Cultures et produits animaux","392","Japon","5622","Importations - valeur","02151","Poulets","2023","2023","1000 USD","7715","A","Chiffre officiel",""
"TCL","Cultures et produits animaux","400","Jordanie","5609","Importations - quantité","02151","Poulets","2023","2023","1000 têtes","102","I","Valeur imputée par une agence réceptrice",""
"TCL","Cultures et produits animaux","400","Jordanie","5622","Importations - valeur","02151","Poulets","2023","2023","1000 USD","11582","A","Chiffre officiel",""
"TCL","Cultures et produits animaux","398","Kazakhstan","5609","Importations - quantité","02151","Poulets","2023","2023","1000 têtes","481","A","Chiffre officiel",""
"TCL","Cultures et produits animaux","398","Kazakhstan","5622","Importations - valeur","02151","Poulets","2023","2023","1000 USD","13082","A","Chiffre officiel",""
"TCL","Cultures et produits animaux","404","Kenya","5609","Importations - quantité","02151","Poulets","2023","2023","1000 têtes","3410","A","Chiffre officiel",""
"TCL","Cultures et produits animaux","404","Kenya","5622","Importations - valeur","02151","Poulets","2023","2023","1000 USD","7200","A","Chiffre officiel",""
"TCL","Cultures et produits animaux","417","Kirghizistan","5609","Importations - quantité","02151","Poulets","2023","2023","1000 têtes","129","A","Chiffre officiel",""
"TCL","Cultures et produits animaux","417","Kirghizistan","5622","Importations - valeur","02151","Poulets","2023","2023","1000 USD","1022","A","Chiffre officiel",""
"TCL","Cultures et produits animaux","414","Koweït","5609","Importations - quantité","02151","Poulets","2023","2023","1000 têtes","116","I","Valeur imputée par une agence réceptrice",""
"TCL","Cultures et produits animaux","414","Koweït","5622","Importations - valeur","02151","Poulets","2023","2023","1000 USD","6003","A","Chiffre officiel",""
"TCL","Cultures et produits animaux","426","Lesotho","5609","Importations - quantité","02151","Poulets","2023","2023","1000 têtes","1311","A","Chiffre officiel",""
"TCL","Cultures et produits animaux","426","Lesotho","5622","Importations - valeur","02151","Poulets","2023","2023","1000 USD","1424","A","Chiffre officiel",""
"TCL","Cultures et produits animaux","428","Lettonie","5609","Importations - quantité","02151","Poulets","2023","2023","1000 têtes","3112","A","Chiffre officiel",""
"TCL","Cultures et produits animaux","428","Lettonie","5622","Importations - valeur","02151","Poulets","2023","2023","1000 USD","8192","A","Chiffre officiel",""
"TCL","Cultures et produits animaux","422","Liban","5609","Importations - quantité","02151","Poulets","2023","2023","1000 têtes","621","I","Valeur imputée par une agence réceptrice",""
"TCL","Cultures et produits animaux","422","Liban","5622","Importations - valeur","02151","Poulets","2023","2023","1000 USD","4580","A","Chiffre officiel",""
"TCL","Cultures et produits animaux","430","Libéria","5609","Importations - quantité","02151","Poulets","2023","2023","1000 têtes","4","A","Chiffre officiel",""
"TCL","Cultures et produits animaux","430","Libéria","5622","Importations - valeur","02151","Poulets","2023","2023","1000 USD","99","A","Chiffre officiel",""
"TCL","Cultures et produits animaux","434","Libye","5609","Importations - quantité","02151","Poulets","2023","2023","1000 têtes","1","X","Chiffre de source externe","Données estimées en utilisant les données des pays partenaires"
"TCL","Cultures et produits animaux","434","Libye","5622","Importations - valeur","02151","Poulets","2023","2023","1000 USD","2","X","Chiffre de source externe","Données estimées en utilisant les données des pays partenaires"
"TCL","Cultures et produits animaux","440","Lituanie","5609","Importations - quantité","02151","Poulets","2023","2023","1000 têtes","12349","A","Chiffre officiel",""
"TCL","Cultures et produits animaux","440","Lituanie","5622","Importations - valeur","02151","Poulets","2023","2023","1000 USD","10881","A","Chiffre officiel",""
"TCL","Cultures et produits animaux","442","Luxembourg","5609","Importations - quantité","02151","Poulets","2023","2023","1000 têtes","119","A","Chiffre officiel",""
"TCL","Cultures et produits animaux","442","Luxembourg","5622","Importations - valeur","02151","Poulets","2023","2023","1000 USD","589","A","Chiffre officiel",""
"TCL","Cultures et produits animaux","807","Macédoine du Nord","5609","Importations - quantité","02151","Poulets","2023","2023","1000 têtes","233","A","Chiffre officiel",""
"TCL","Cultures et produits animaux","807","Macédoine du Nord","5622","Importations - valeur","02151","Poulets","2023","2023","1000 USD","1643","A","Chiffre officiel",""
"TCL","Cultures et produits animaux","450","Madagascar","5609","Importations - quantité","02151","Poulets","2023","2023","1000 têtes","413","A","Chiffre officiel",""
"TCL","Cultures et produits animaux","450","Madagascar","5622","Importations - valeur","02151","Poulets","2023","2023","1000 USD","1573","A","Chiffre officiel",""
"TCL","Cultures et produits animaux","458","Malaisie","5609","Importations - quantité","02151","Poulets","2023","2023","1000 têtes","1263","A","Chiffre officiel",""
"TCL","Cultures et produits animaux","458","Malaisie","5622","Importations - valeur","02151","Poulets","2023","2023","1000 USD","20940","A","Chiffre officiel",""
"TCL","Cultures et produits animaux","454","Malawi","5609","Importations - quantité","02151","Poulets","2023","2023","1000 têtes","31","A","Chiffre officiel",""
"TCL","Cultures et produits animaux","454","Malawi","5622","Importations - valeur","02151","Poulets","2023","2023","1000 USD","2706","A","Chiffre officiel",""
"TCL","Cultures et produits animaux","462","Maldives","5609","Importations - quantité","02151","Poulets","2023","2023","1000 têtes","19","A","Chiffre officiel",""
"TCL","Cultures et produits animaux","462","Maldives","5622","Importations - valeur","02151","Poulets","2023","2023","1000 USD","43","A","Chiffre officiel",""
"TCL","Cultures et produits animaux","466","Mali","5609","Importations - quantité","02151","Poulets","2023","2023","1000 têtes","140","A","Chiffre officiel",""
"TCL","Cultures et produits animaux","466","Mali","5622","Importations - valeur","02151","Poulets","2023","2023","1000 USD","2924","A","Chiffre officiel",""
"TCL","Cultures et produits animaux","470","Malte","5609","Importations - quantité","02151","Poulets","2023","2023","1000 têtes","14","A","Chiffre officiel",""
"TCL","Cultures et produits animaux","470","Malte","5622","Importations - valeur","02151","Poulets","2023","2023","1000 USD","22","A","Chiffre officiel",""
"TCL","Cultures et produits animaux","504","Maroc","5609","Importations - quantité","02151","Poulets","2023","2023","1000 têtes","5459","I","Valeur imputée par une agence réceptrice",""
"TCL","Cultures et produits animaux","504","Maroc","5622","Importations - valeur","02151","Poulets","2023","2023","1000 USD","23831","A","Chiffre officiel",""
"TCL","Cultures et produits animaux","480","Maurice","5609","Importations - quantité","02151","Poulets","2023","2023","1000 têtes","212","X","Chiffre de source externe","Données estimées en utilisant les données des pays partenaires"
"TCL","Cultures et produits animaux","480","Maurice","5622","Importations - valeur","02151","Poulets","2023","2023","1000 USD","1605","X","Chiffre de source externe","Données estimées en utilisant les données des pays partenaires"
"TCL","Cultures et produits animaux","478","Mauritanie","5609","Importations - quantité","02151","Poulets","2023","2023","1000 têtes","37","A","Chiffre officiel",""
"TCL","Cultures et produits animaux","478","Mauritanie","5622","Importations - valeur","02151","Poulets","2023","2023","1000 USD","12","A","Chiffre officiel",""
"TCL","Cultures et produits animaux","484","Mexique","5609","Importations - quantité","02151","Poulets","2023","2023","1000 têtes","988","I","Valeur imputée par une agence réceptrice",""
"TCL","Cultures et produits animaux","484","Mexique","5622","Importations - valeur","02151","Poulets","2023","2023","1000 USD","18757","A","Chiffre officiel",""
"TCL","Cultures et produits animaux","496","Mongolie","5609","Importations - quantité","02151","Poulets","2023","2023","1000 têtes","0","A","Chiffre officiel",""
"TCL","Cultures et produits animaux","496","Mongolie","5622","Importations - valeur","02151","Poulets","2023","2023","1000 USD","98","A","Chiffre officiel",""
"TCL","Cultures et produits animaux","499","Monténégro","5609","Importations - quantité","02151","Poulets","2023","2023","1000 têtes","137","A","Chiffre officiel",""
"TCL","Cultures et produits animaux","499","Monténégro","5622","Importations - valeur","02151","Poulets","2023","2023","1000 USD","1113","A","Chiffre officiel",""
"TCL","Cultures et produits animaux","508","Mozambique","5609","Importations - quantité","02151","Poulets","2023","2023","1000 têtes","1220","A","Chiffre officiel",""
"TCL","Cultures et produits animaux","508","Mozambique","5622","Importations - valeur","02151","Poulets","2023","2023","1000 USD","6531","A","Chiffre officiel",""
"TCL","Cultures et produits animaux","104","Myanmar","5609","Importations - quantité","02151","Poulets","2023","2023","1000 têtes","926","I","Valeur imputée par une agence réceptrice",""
"TCL","Cultures et produits animaux","104","Myanmar","5622","Importations - valeur","02151","Poulets","2023","2023","1000 USD","2524","A","Chiffre officiel",""
"TCL","Cultures et produits animaux","516","Namibie","5609","Importations - quantité","02151","Poulets","2023","2023","1000 têtes","4867","A","Chiffre officiel",""
"TCL","Cultures et produits animaux","516","Namibie","5622","Importations - valeur","02151","Poulets","2023","2023","1000 USD","1969","A","Chiffre officiel",""
"TCL","Cultures et produits animaux","524","Népal","5609","Importations - quantité","02151","Poulets","2023","2023","1000 têtes","308","X","Chiffre de source externe","Données estimées en utilisant les données des pays partenaires"
"TCL","Cultures et produits animaux","524","Népal","5622","Importations - valeur","02151","Poulets","2023","2023","1000 USD","3843","X","Chiffre de source externe","Données estimées en utilisant les données des pays partenaires"
"TCL","Cultures et produits animaux","558","Nicaragua","5609","Importations - quantité","02151","Poulets","2023","2023","1000 têtes","12608","A","Chiffre officiel",""
"TCL","Cultures et produits animaux","558","Nicaragua","5622","Importations - valeur","02151","Poulets","2023","2023","1000 USD","15797","A","Chiffre officiel",""
"TCL","Cultures et produits animaux","562","Niger","5609","Importations - quantité","02151","Poulets","2023","2023","1000 têtes","106","A","Chiffre officiel",""
"TCL","Cultures et produits animaux","562","Niger","5622","Importations - valeur","02151","Poulets","2023","2023","1000 USD","26","A","Chiffre officiel",""
"TCL","Cultures et produits animaux","566","Nigéria","5609","Importations - quantité","02151","Poulets","2023","2023","1000 têtes","107","X","Chiffre de source externe","Données estimées en utilisant les données des pays partenaires"
"TCL","Cultures et produits animaux","566","Nigéria","5622","Importations - valeur","02151","Poulets","2023","2023","1000 USD","694","X","Chiffre de source externe","Données estimées en utilisant les données des pays partenaires"
"TCL","Cultures et produits animaux","570","Nioué","5609","Importations - quantité","02151","Poulets","2023","2023","1000 têtes","1","X","Chiffre de source externe","Données estimées en utilisant les données des pays partenaires"
"TCL","Cultures et produits animaux","570","Nioué","5622","Importations - valeur","02151","Poulets","2023","2023","1000 USD","3","X","Chiffre de source externe","Données estimées en utilisant les données des pays partenaires"
"TCL","Cultures et produits animaux","578","Norvège","5609","Importations - quantité","02151","Poulets","2023","2023","1000 têtes","0","A","Chiffre officiel",""
"TCL","Cultures et produits animaux","578","Norvège","5622","Importations - valeur","02151","Poulets","2023","2023","1000 USD","318","A","Chiffre officiel",""
"TCL","Cultures et produits animaux","540","Nouvelle-Calédonie","5609","Importations - quantité","02151","Poulets","2023","2023","1000 têtes","6","X","Chiffre de source externe","Données estimées en utilisant les données des pays partenaires"
"TCL","Cultures et produits animaux","540","Nouvelle-Calédonie","5622","Importations - valeur","02151","Poulets","2023","2023","1000 USD","35","X","Chiffre de source externe","Données estimées en utilisant les données des pays partenaires"
"TCL","Cultures et produits animaux","512","Oman","5609","Importations - quantité","02151","Poulets","2023","2023","1000 têtes","187","I","Valeur imputée par une agence réceptrice",""
"TCL","Cultures et produits animaux","512","Oman","5622","Importations - valeur","02151","Poulets","2023","2023","1000 USD","11193","A","Chiffre officiel",""
"TCL","Cultures et produits animaux","800","Ouganda","5609","Importations - quantité","02151","Poulets","2023","2023","1000 têtes","433","A","Chiffre officiel",""
"TCL","Cultures et produits animaux","800","Ouganda","5622","Importations - valeur","02151","Poulets","2023","2023","1000 USD","9193","A","Chiffre officiel",""
"TCL","Cultures et produits animaux","860","Ouzbékistan","5609","Importations - quantité","02151","Poulets","2023","2023","1000 têtes","2351","A","Chiffre officiel",""
"TCL","Cultures et produits animaux","860","Ouzbékistan","5622","Importations - valeur","02151","Poulets","2023","2023","1000 USD","13911","A","Chiffre officiel",""
"TCL","Cultures et produits animaux","586","Pakistan","5609","Importations - quantité","02151","Poulets","2023","2023","1000 têtes","461","A","Chiffre officiel",""
"TCL","Cultures et produits animaux","586","Pakistan","5622","Importations - valeur","02151","Poulets","2023","2023","1000 USD","6701","A","Chiffre officiel",""
"TCL","Cultures et produits animaux","275","Palestine","5609","Importations - quantité","02151","Poulets","2023","2023","1000 têtes","288","I","Valeur imputée par une agence réceptrice",""
"TCL","Cultures et produits animaux","275","Palestine","5622","Importations - valeur","02151","Poulets","2023","2023","1000 USD","1267","A","Chiffre officiel",""
"TCL","Cultures et produits animaux","591","Panama","5609","Importations - quantité","02151","Poulets","2023","2023","1000 têtes","1238","A","Chiffre officiel",""
"TCL","Cultures et produits animaux","591","Panama","5622","Importations - valeur","02151","Poulets","2023","2023","1000 USD","9969","A","Chiffre officiel",""
"TCL","Cultures et produits animaux","598","Papouasie-Nouvelle-Guinée","5609","Importations - quantité","02151","Poulets","2023","2023","1000 têtes","12","A","Chiffre officiel",""
"TCL","Cultures et produits animaux","598","Papouasie-Nouvelle-Guinée","5622","Importations - valeur","02151","Poulets","2023","2023","1000 USD","1869","A","Chiffre officiel",""
"TCL","Cultures et produits animaux","600","Paraguay","5609","Importations - quantité","02151","Poulets","2023","2023","1000 têtes","11301","A","Chiffre officiel",""
"TCL","Cultures et produits animaux","600","Paraguay","5622","Importations - valeur","02151","Poulets","2023","2023","1000 USD","11725","A","Chiffre officiel",""
"TCL","Cultures et produits animaux","528","Pays-Bas (Royaume des)","5609","Importations - quantité","02151","Poulets","2023","2023","1000 têtes","413846","A","Chiffre officiel",""
"TCL","Cultures et produits animaux","528","Pays-Bas (Royaume des)","5622","Importations - valeur","02151","Poulets","2023","2023","1000 USD","1031978","A","Chiffre officiel",""
"TCL","Cultures et produits animaux","604","Pérou","5609","Importations - quantité","02151","Poulets","2023","2023","1000 têtes","26","A","Chiffre officiel",""
"TCL","Cultures et produits animaux","604","Pérou","5622","Importations - valeur","02151","Poulets","2023","2023","1000 USD","19252","A","Chiffre officiel",""
"TCL","Cultures et produits animaux","608","Philippines","5609","Importations - quantité","02151","Poulets","2023","2023","1000 têtes","65","A","Chiffre officiel",""
"TCL","Cultures et produits animaux","608","Philippines","5622","Importations - valeur","02151","Poulets","2023","2023","1000 USD","442","A","Chiffre officiel",""
"TCL","Cultures et produits animaux","616","Pologne","5609","Importations - quantité","02151","Poulets","2023","2023","1000 têtes","143383","A","Chiffre officiel",""
"TCL","Cultures et produits animaux","616","Pologne","5622","Importations - valeur","02151","Poulets","2023","2023","1000 USD","192919","A","Chiffre officiel",""
"TCL","Cultures et produits animaux","258","Polynésie française","5609","Importations - quantité","02151","Poulets","2023","2023","1000 têtes","188","X","Chiffre de source externe","Données estimées en utilisant les données des pays partenaires"
"TCL","Cultures et produits animaux","258","Polynésie française","5622","Importations - valeur","02151","Poulets","2023","2023","1000 USD","467","X","Chiffre de source externe","Données estimées en utilisant les données des pays partenaires"
"TCL","Cultures et produits animaux","620","Portugal","5609","Importations - quantité","02151","Poulets","2023","2023","1000 têtes","12501","A","Chiffre officiel",""
"TCL","Cultures et produits animaux","620","Portugal","5622","Importations - valeur","02151","Poulets","2023","2023","1000 USD","25655","A","Chiffre officiel",""
"TCL","Cultures et produits animaux","634","Qatar","5609","Importations - quantité","02151","Poulets","2023","2023","1000 têtes","1003","I","Valeur imputée par une agence réceptrice",""
"TCL","Cultures et produits animaux","634","Qatar","5622","Importations - valeur","02151","Poulets","2023","2023","1000 USD","1760","A","Chiffre officiel",""
"TCL","Cultures et produits animaux","760","République arabe syrienne","5609","Importations - quantité","02151","Poulets","2023","2023","1000 têtes","17627","X","Chiffre de source externe","Données estimées en utilisant les données des pays partenaires"
"TCL","Cultures et produits animaux","760","République arabe syrienne","5622","Importations - valeur","02151","Poulets","2023","2023","1000 USD","35408","X","Chiffre de source externe","Données estimées en utilisant les données des pays partenaires"
"TCL","Cultures et produits animaux","140","République centrafricaine","5609","Importations - quantité","02151","Poulets","2023","2023","1000 têtes","17","A","Chiffre officiel",""
"TCL","Cultures et produits animaux","140","République centrafricaine","5622","Importations - valeur","02151","Poulets","2023","2023","1000 USD","77","A","Chiffre officiel",""
"TCL","Cultures et produits animaux","410","République de Corée","5609","Importations - quantité","02151","Poulets","2023","2023","1000 têtes","562","A","Chiffre officiel",""
"TCL","Cultures et produits animaux","410","République de Corée","5622","Importations - valeur","02151","Poulets","2023","2023","1000 USD","12870","A","Chiffre officiel",""
"TCL","Cultures et produits animaux","498","République de Moldova","5609","Importations - quantité","02151","Poulets","2023","2023","1000 têtes","2198","I","Valeur imputée par une agence réceptrice",""
"TCL","Cultures et produits animaux","498","République de Moldova","5622","Importations - valeur","02151","Poulets","2023","2023","1000 USD","2749","A","Chiffre officiel",""
"TCL","Cultures et produits animaux","180","République démocratique du Congo","5609","Importations - quantité","02151","Poulets","2023","2023","1000 têtes","37","A","Chiffre officiel",""
"TCL","Cultures et produits animaux","180","République démocratique du Congo","5622","Importations - valeur","02151","Poulets","2023","2023","1000 USD","435","A","Chiffre officiel",""
"TCL","Cultures et produits animaux","418","République démocratique populaire lao","5609","Importations - quantité","02151","Poulets","2023","2023","1000 têtes","4729","A","Chiffre officiel",""
"TCL","Cultures et produits animaux","418","République démocratique populaire lao","5622","Importations - valeur","02151","Poulets","2023","2023","1000 USD","7952","A","Chiffre officiel",""
"TCL","Cultures et produits animaux","214","République dominicaine","5609","Importations - quantité","02151","Poulets","2023","2023","1000 têtes","1438","X","Chiffre de source externe","Données estimées en utilisant les données des pays partenaires"
"TCL","Cultures et produits animaux","214","République dominicaine","5622","Importations - valeur","02151","Poulets","2023","2023","1000 USD","8373","A","Chiffre officiel",""
"TCL","Cultures et produits animaux","834","République-Unie de Tanzanie","5609","Importations - quantité","02151","Poulets","2023","2023","1000 têtes","1038","A","Chiffre officiel",""
"TCL","Cultures et produits animaux","834","République-Unie de Tanzanie","5622","Importations - valeur","02151","Poulets","2023","2023","1000 USD","5355","A","Chiffre officiel",""
"TCL","Cultures et produits animaux","642","Roumanie","5609","Importations - quantité","02151","Poulets","2023","2023","1000 têtes","127613","A","Chiffre officiel",""
"TCL","Cultures et produits animaux","642","Roumanie","5622","Importations - valeur","02151","Poulets","2023","2023","1000 USD","74234","A","Chiffre officiel",""
"TCL","Cultures et produits animaux","826","Royaume-Uni de Grande-Bretagne et d'Irlande du Nord","5609","Importations - quantité","02151","Poulets","2023","2023","1000 têtes","1302","A","Chiffre officiel",""
"TCL","Cultures et produits animaux","826","Royaume-Uni de Grande-Bretagne et d'Irlande du Nord","5622","Importations - valeur","02151","Poulets","2023","2023","1000 USD","6320","A","Chiffre officiel",""
"TCL","Cultures et produits animaux","646","Rwanda","5609","Importations - quantité","02151","Poulets","2023","2023","1000 têtes","1060","X","Chiffre de source externe","Données estimées en utilisant les données des pays partenaires"
"TCL","Cultures et produits animaux","646","Rwanda","5622","Importations - valeur","02151","Poulets","2023","2023","1000 USD","922","X","Chiffre de source externe","Données estimées en utilisant les données des pays partenaires"
"TCL","Cultures et produits animaux","662","Sainte-Lucie","5609","Importations - quantité","02151","Poulets","2023","2023","1000 têtes","51","X","Chiffre de source externe","Données estimées en utilisant les données des pays partenaires"
"TCL","Cultures et produits animaux","662","Sainte-Lucie","5622","Importations - valeur","02151","Poulets","2023","2023","1000 USD","139","X","Chiffre de source externe","Données estimées en utilisant les données des pays partenaires"
"TCL","Cultures et produits animaux","659","Saint-Kitts-et-Nevis","5609","Importations - quantité","02151","Poulets","2023","2023","1000 têtes","30","X","Chiffre de source externe","Données estimées en utilisant les données des pays partenaires"
"TCL","Cultures et produits animaux","659","Saint-Kitts-et-Nevis","5622","Importations - valeur","02151","Poulets","2023","2023","1000 USD","105","X","Chiffre de source externe","Données estimées en utilisant les données des pays partenaires"
"TCL","Cultures et produits animaux","670","Saint-Vincent-et-les Grenadines","5609","Importations - quantité","02151","Poulets","2023","2023","1000 têtes","5","A","Chiffre officiel",""
"TCL","Cultures et produits animaux","670","Saint-Vincent-et-les Grenadines","5622","Importations - valeur","02151","Poulets","2023","2023","1000 USD","77","A","Chiffre officiel",""
"TCL","Cultures et produits animaux","882","Samoa","5609","Importations - quantité","02151","Poulets","2023","2023","1000 têtes","16","I","Valeur imputée par une agence réceptrice",""
"TCL","Cultures et produits animaux","882","Samoa","5622","Importations - valeur","02151","Poulets","2023","2023","1000 USD","183","A","Chiffre officiel",""
"TCL","Cultures et produits animaux","678","Sao Tomé-et-Principe","5609","Importations - quantité","02151","Poulets","2023","2023","1000 têtes","21","A","Chiffre officiel",""
"TCL","Cultures et produits animaux","678","Sao Tomé-et-Principe","5622","Importations - valeur","02151","Poulets","2023","2023","1000 USD","24","A","Chiffre officiel",""
"TCL","Cultures et produits animaux","686","Sénégal","5609","Importations - quantité","02151","Poulets","2023","2023","1000 têtes","227","A","Chiffre officiel",""
"TCL","Cultures et produits animaux","686","Sénégal","5622","Importations - valeur","02151","Poulets","2023","2023","1000 USD","1187","A","Chiffre officiel",""
"TCL","Cultures et produits animaux","688","Serbie","5609","Importations - quantité","02151","Poulets","2023","2023","1000 têtes","7455","A","Chiffre officiel",""
"TCL","Cultures et produits animaux","688","Serbie","5622","Importations - valeur","02151","Poulets","2023","2023","1000 USD","5698","A","Chiffre officiel",""
"TCL","Cultures et produits animaux","690","Seychelles","5609","Importations - quantité","02151","Poulets","2023","2023","1000 têtes","70","I","Valeur imputée par une agence réceptrice",""
"TCL","Cultures et produits animaux","690","Seychelles","5622","Importations - valeur","02151","Poulets","2023","2023","1000 USD","408","A","Chiffre officiel",""
"TCL","Cultures et produits animaux","694","Sierra Leone","5609","Importations - quantité","02151","Poulets","2023","2023","1000 têtes","254","X","Chiffre de source externe","Données estimées en utilisant les données des pays partenaires"
"TCL","Cultures et produits animaux","694","Sierra Leone","5622","Importations - valeur","02151","Poulets","2023","2023","1000 USD","260","X","Chiffre de source externe","Données estimées en utilisant les données des pays partenaires"
"TCL","Cultures et produits animaux","702","Singapour","5609","Importations - quantité","02151","Poulets","2023","2023","1000 têtes","33841","A","Chiffre officiel",""
"TCL","Cultures et produits animaux","702","Singapour","5622","Importations - valeur","02151","Poulets","2023","2023","1000 USD","156143","A","Chiffre officiel",""
"TCL","Cultures et produits animaux","703","Slovaquie","5609","Importations - quantité","02151","Poulets","2023","2023","1000 têtes","60661","A","Chiffre officiel",""
"TCL","Cultures et produits animaux","703","Slovaquie","5622","Importations - valeur","02151","Poulets","2023","2023","1000 USD","44770","A","Chiffre officiel",""
"TCL","Cultures et produits animaux","705","Slovénie","5609","Importations - quantité","02151","Poulets","2023","2023","1000 têtes","2184","A","Chiffre officiel",""
"TCL","Cultures et produits animaux","705","Slovénie","5622","Importations - valeur","02151","Poulets","2023","2023","1000 USD","4936","A","Chiffre officiel",""
"TCL","Cultures et produits animaux","706","Somalie","5609","Importations - quantité","02151","Poulets","2023","2023","1000 têtes","39","X","Chiffre de source externe","Données estimées en utilisant les données des pays partenaires"
"TCL","Cultures et produits animaux","706","Somalie","5622","Importations - valeur","02151","Poulets","2023","2023","1000 USD","44","X","Chiffre de source externe","Données estimées en utilisant les données des pays partenaires"
"TCL","Cultures et produits animaux","729","Soudan","5609","Importations - quantité","02151","Poulets","2023","2023","1000 têtes","9","X","Chiffre de source externe","Données estimées en utilisant les données des pays partenaires"
"TCL","Cultures et produits animaux","729","Soudan","5622","Importations - valeur","02151","Poulets","2023","2023","1000 USD","204","X","Chiffre de source externe","Données estimées en utilisant les données des pays partenaires"
"TCL","Cultures et produits animaux","728","Soudan du Sud","5609","Importations - quantité","02151","Poulets","2023","2023","1000 têtes","56","X","Chiffre de source externe","Données estimées en utilisant les données des pays partenaires"
"TCL","Cultures et produits animaux","728","Soudan du Sud","5622","Importations - valeur","02151","Poulets","2023","2023","1000 USD","44","X","Chiffre de source externe","Données estimées en utilisant les données des pays partenaires"
"TCL","Cultures et produits animaux","144","Sri Lanka","5609","Importations - quantité","02151","Poulets","2023","2023","1000 têtes","457","A","Chiffre officiel",""
"TCL","Cultures et produits animaux","144","Sri Lanka","5622","Importations - valeur","02151","Poulets","2023","2023","1000 USD","6317","A","Chiffre officiel",""
"TCL","Cultures et produits animaux","752","Suède","5609","Importations - quantité","02151","Poulets","2023","2023","1000 têtes","233","A","Chiffre officiel",""
"TCL","Cultures et produits animaux","752","Suède","5622","Importations - valeur","02151","Poulets","2023","2023","1000 USD","6489","A","Chiffre officiel",""
"TCL","Cultures et produits animaux","756","Suisse","5609","Importations - quantité","02151","Poulets","2023","2023","1000 têtes","337","I","Valeur imputée par une agence réceptrice",""
"TCL","Cultures et produits animaux","756","Suisse","5622","Importations - valeur","02151","Poulets","2023","2023","1000 USD","2931","A","Chiffre officiel",""
"TCL","Cultures et produits animaux","740","Suriname","5609","Importations - quantité","02151","Poulets","2023","2023","1000 têtes","72","A","Chiffre officiel",""
"TCL","Cultures et produits animaux","740","Suriname","5622","Importations - valeur","02151","Poulets","2023","2023","1000 USD","421","A","Chiffre officiel",""
"TCL","Cultures et produits animaux","762","Tadjikistan","5609","Importations - quantité","02151","Poulets","2023","2023","1000 têtes","3682","A","Chiffre officiel",""
"TCL","Cultures et produits animaux","762","Tadjikistan","5622","Importations - valeur","02151","Poulets","2023","2023","1000 USD","3705","A","Chiffre officiel",""
"TCL","Cultures et produits animaux","148","Tchad","5609","Importations - quantité","02151","Poulets","2023","2023","1000 têtes","186","X","Chiffre de source externe","Données estimées en utilisant les données des pays partenaires"
"TCL","Cultures et produits animaux","148","Tchad","5622","Importations - valeur","02151","Poulets","2023","2023","1000 USD","275","X","Chiffre de source externe","Données estimées en utilisant les données des pays partenaires"
"TCL","Cultures et produits animaux","203","Tchéquie","5609","Importations - quantité","02151","Poulets","2023","2023","1000 têtes","6014","A","Chiffre officiel",""
"TCL","Cultures et produits animaux","203","Tchéquie","5622","Importations - valeur","02151","Poulets","2023","2023","1000 USD","25364","A","Chiffre officiel",""
"TCL","Cultures et produits animaux","764","Thaïlande","5609","Importations - quantité","02151","Poulets","2023","2023","1000 têtes","1613","I","Valeur imputée par une agence réceptrice",""
"TCL","Cultures et produits animaux","764","Thaïlande","5622","Importations - valeur","02151","Poulets","2023","2023","1000 USD","34967","A","Chiffre officiel",""
"TCL","Cultures et produits animaux","626","Timor-Leste","5609","Importations - quantité","02151","Poulets","2023","2023","1000 têtes","30","A","Chiffre officiel",""
"TCL","Cultures et produits animaux","626","Timor-Leste","5622","Importations - valeur","02151","Poulets","2023","2023","1000 USD","717","A","Chiffre officiel",""
"TCL","Cultures et produits animaux","768","Togo","5609","Importations - quantité","02151","Poulets","2023","2023","1000 têtes","793","A","Chiffre officiel",""
"TCL","Cultures et produits animaux","768","Togo","5622","Importations - valeur","02151","Poulets","2023","2023","1000 USD","191","A","Chiffre officiel",""
"TCL","Cultures et produits animaux","776","Tonga","5609","Importations - quantité","02151","Poulets","2023","2023","1000 têtes","1","A","Chiffre officiel",""
"TCL","Cultures et produits animaux","776","Tonga","5622","Importations - valeur","02151","Poulets","2023","2023","1000 USD","3","A","Chiffre officiel",""
"TCL","Cultures et produits animaux","780","Trinité-et-Tobago","5609","Importations - quantité","02151","Poulets","2023","2023","1000 têtes","27","A","Chiffre officiel",""
"TCL","Cultures et produits animaux","780","Trinité-et-Tobago","5622","Importations - valeur","02151","Poulets","2023","2023","1000 USD","1161","A","Chiffre officiel",""
"TCL","Cultures et produits animaux","788","Tunisie","5609","Importations - quantité","02151","Poulets","2023","2023","1000 têtes","65","A","Chiffre officiel",""
"TCL","Cultures et produits animaux","788","Tunisie","5622","Importations - valeur","02151","Poulets","2023","2023","1000 USD","6743","A","Chiffre officiel",""
"TCL","Cultures et produits animaux","792","Türkiye","5609","Importations - quantité","02151","Poulets","2023","2023","1000 têtes","2232","I","Valeur imputée par une agence réceptrice",""
"TCL","Cultures et produits animaux","792","Türkiye","5622","Importations - valeur","02151","Poulets","2023","2023","1000 USD","19802","A","Chiffre officiel",""
"TCL","Cultures et produits animaux","795","Turkménistan","5609","Importations - quantité","02151","Poulets","2023","2023","1000 têtes","89","X","Chiffre de source externe","Données estimées en utilisant les données des pays partenaires"
"TCL","Cultures et produits animaux","795","Turkménistan","5622","Importations - valeur","02151","Poulets","2023","2023","1000 USD","916","X","Chiffre de source externe","Données estimées en utilisant les données des pays partenaires"
"TCL","Cultures et produits animaux","804","Ukraine","5609","Importations - quantité","02151","Poulets","2023","2023","1000 têtes","84420","X","Chiffre de source externe","Données estimées en utilisant les données des pays partenaires"
"TCL","Cultures et produits animaux","804","Ukraine","5622","Importations - valeur","02151","Poulets","2023","2023","1000 USD","63956","A","Chiffre officiel",""
"TCL","Cultures et produits animaux","858","Uruguay","5609","Importations - quantité","02151","Poulets","2023","2023","1000 têtes","52","A","Chiffre officiel",""
"TCL","Cultures et produits animaux","858","Uruguay","5622","Importations - valeur","02151","Poulets","2023","2023","1000 USD","3319","A","Chiffre officiel",""
"TCL","Cultures et produits animaux","548","Vanuatu","5609","Importations - quantité","02151","Poulets","2023","2023","1000 têtes","24","X","Chiffre de source externe","Données estimées en utilisant les données des pays partenaires"
"TCL","Cultures et produits animaux","548","Vanuatu","5622","Importations - valeur","02151","Poulets","2023","2023","1000 USD","119","X","Chiffre de source externe","Données estimées en utilisant les données des pays partenaires"
"TCL","Cultures et produits animaux","862","Venezuela (République bolivarienne du)","5609","Importations - quantité","02151","Poulets","2023","2023","1000 têtes","15583","A","Chiffre officiel",""
"TCL","Cultures et produits animaux","862","Venezuela (République bolivarienne du)","5622","Importations - valeur","02151","Poulets","2023","2023","1000 USD","7551","A","Chiffre officiel",""
"TCL","Cultures et produits animaux","704","Viet Nam","5609","Importations - quantité","02151","Poulets","2023","2023","1000 têtes","7469","I","Valeur imputée par une agence réceptrice",""
"TCL","Cultures et produits animaux","704","Viet Nam","5622","Importations - valeur","02151","Poulets","2023","2023","1000 USD","33905","A","Chiffre officiel",""
"TCL","Cultures et produits animaux","887","Yémen","5609","Importations - quantité","02151","Poulets","2023","2023","1000 têtes","90","I","Valeur imputée par une agence réceptrice",""
"TCL","Cultures et produits animaux","887","Yémen","5622","Importations - valeur","02151","Poulets","2023","2023","1000 USD","7726","X","Chiffre de source externe","Données estimées en utilisant les données des pays partenaires"
"TCL","Cultures et produits animaux","894","Zambie","5609","Importations - quantité","02151","Poulets","2023","2023","1000 têtes","335","A","Chiffre officiel",""
"TCL","Cultures et produits animaux","894","Zambie","5622","Importations - valeur","02151","Poulets","2023","2023","1000 USD","5482","A","Chiffre officiel",""
"TCL","Cultures et produits animaux","716","Zimbabwe","5609","Importations - quantité","02151","Poulets","2023","2023","1000 têtes","348","I","Valeur imputée par une agence réceptrice",""
"TCL","Cultures et produits animaux","716","Zimbabwe","5622","Importations - valeur","02151","Poulets","2023","2023","1000 USD","7007","A","Chiffre officiel",""
