Code Domaine,Domaine,Code zone (M49),Zone,Code Élément,Élément,Code Produit (CPC),Produit,Code année,Année,Unité,Valeur,Symbole,Description du Symbole
"EK","Tendances dans l’élevage","004","Afghanistan","7213","Densité des animaux dans la superficie agricole","02151","Poulets","2023","2023","UGB/ha","0","E","Valeur estimée"
"EK","Tendances dans l’élevage","004","Afghanistan","7211","Part du total des animaux","02151","Poulets","2023","2023","% du total des UGB","1.91","E","Valeur estimée"
"EK","Tendances dans l’élevage","004","Afghanistan","5118","Réserves","02151","Poulets","2023","2023","Unités de gros bétail (UGB)","133580","E","Valeur estimée"
"EK","Tendances dans l’élevage","710","Afrique du Sud","7213","Densité des animaux dans la superficie agricole","02151","Poulets","2023","2023","UGB/ha","0.02","E","Valeur estimée"
"EK","Tendances dans l’élevage","710","Afrique du Sud","7211","Part du total des animaux","02151","Poulets","2023","2023","% du total des UGB","12.19","E","Valeur estimée"
"EK","Tendances dans l’élevage","710","Afrique du Sud","5118","Réserves","02151","Poulets","2023","2023","Unités de gros bétail (UGB)","1632150","E","Valeur estimée"
"EK","Tendances dans l’élevage","008","Albanie","7213","Densité des animaux dans la superficie agricole","02151","Poulets","2023","2023","UGB/ha","0.05","E","Valeur estimée"
"EK","Tendances dans l’élevage","008","Albanie","7211","Part du total des animaux","02151","Poulets","2023","2023","% du total des UGB","10.69","E","Valeur estimée"
"EK","Tendances dans l’élevage","008","Albanie","5118","Réserves","02151","Poulets","2023","2023","Unités de gros bétail (UGB)","48770","E","Valeur estimée"
"EK","Tendances dans l’élevage","012","Algérie","7213","Densité des animaux dans la superficie agricole","02151","Poulets","2023","2023","UGB/ha","0.05","E","Valeur estimée"
"EK","Tendances dans l’élevage","012","Algérie","7211","Part du total des animaux","02151","Poulets","2023","2023","% du total des UGB","27.24","E","Valeur estimée"
"EK","Tendances dans l’élevage","012","Algérie","5118","Réserves","02151","Poulets","2023","2023","Unités de gros bétail (UGB)","2000270","E","Valeur estimée"
"EK","Tendances dans l’élevage","276","Allemagne","7213","Densité des animaux dans la superficie agricole","02151","Poulets","2023","2023","UGB/ha","0.09","E","Valeur estimée"
"EK","Tendances dans l’élevage","276","Allemagne","7211","Part du total des animaux","02151","Poulets","2023","2023","% du total des UGB","9.13","E","Valeur estimée"
"EK","Tendances dans l’élevage","276","Allemagne","5118","Réserves","02151","Poulets","2023","2023","Unités de gros bétail (UGB)","1563010","E","Valeur estimée"
"EK","Tendances dans l’élevage","024","Angola","7213","Densité des animaux dans la superficie agricole","02151","Poulets","2023","2023","UGB/ha","0.01","E","Valeur estimée"
"EK","Tendances dans l’élevage","024","Angola","7211","Part du total des animaux","02151","Poulets","2023","2023","% du total des UGB","11.05","E","Valeur estimée"
"EK","Tendances dans l’élevage","024","Angola","5118","Réserves","02151","Poulets","2023","2023","Unités de gros bétail (UGB)","480310","E","Valeur estimée"
"EK","Tendances dans l’élevage","028","Antigua-et-Barbuda","7213","Densité des animaux dans la superficie agricole","02151","Poulets","2023","2023","UGB/ha","0.18","E","Valeur estimée"
"EK","Tendances dans l’élevage","028","Antigua-et-Barbuda","7211","Part du total des animaux","02151","Poulets","2023","2023","% du total des UGB","16.37","E","Valeur estimée"
"EK","Tendances dans l’élevage","028","Antigua-et-Barbuda","5118","Réserves","02151","Poulets","2023","2023","Unités de gros bétail (UGB)","1580","E","Valeur estimée"
"EK","Tendances dans l’élevage","682","Arabie saoudite","7213","Densité des animaux dans la superficie agricole","02151","Poulets","2023","2023","UGB/ha","0.01","E","Valeur estimée"
"EK","Tendances dans l’élevage","682","Arabie saoudite","7211","Part du total des animaux","02151","Poulets","2023","2023","% du total des UGB","32.18","E","Valeur estimée"
"EK","Tendances dans l’élevage","682","Arabie saoudite","5118","Réserves","02151","Poulets","2023","2023","Unités de gros bétail (UGB)","2143310","E","Valeur estimée"
"EK","Tendances dans l’élevage","032","Argentine","7213","Densité des animaux dans la superficie agricole","02151","Poulets","2023","2023","UGB/ha","0.01","E","Valeur estimée"
"EK","Tendances dans l’élevage","032","Argentine","7211","Part du total des animaux","02151","Poulets","2023","2023","% du total des UGB","2.58","E","Valeur estimée"
"EK","Tendances dans l’élevage","032","Argentine","5118","Réserves","02151","Poulets","2023","2023","Unités de gros bétail (UGB)","1134180","E","Valeur estimée"
"EK","Tendances dans l’élevage","051","Arménie","7213","Densité des animaux dans la superficie agricole","02151","Poulets","2023","2023","UGB/ha","0.03","E","Valeur estimée"
"EK","Tendances dans l’élevage","051","Arménie","7211","Part du total des animaux","02151","Poulets","2023","2023","% du total des UGB","8.95","E","Valeur estimée"
"EK","Tendances dans l’élevage","051","Arménie","5118","Réserves","02151","Poulets","2023","2023","Unités de gros bétail (UGB)","41860","E","Valeur estimée"
"EK","Tendances dans l’élevage","036","Australie","7213","Densité des animaux dans la superficie agricole","02151","Poulets","2023","2023","UGB/ha","0","E","Valeur estimée"
"EK","Tendances dans l’élevage","036","Australie","7211","Part du total des animaux","02151","Poulets","2023","2023","% du total des UGB","2.98","E","Valeur estimée"
"EK","Tendances dans l’élevage","036","Australie","5118","Réserves","02151","Poulets","2023","2023","Unités de gros bétail (UGB)","1085200","E","Valeur estimée"
"EK","Tendances dans l’élevage","031","Azerbaïdjan","7213","Densité des animaux dans la superficie agricole","02151","Poulets","2023","2023","UGB/ha","0.06","E","Valeur estimée"
"EK","Tendances dans l’élevage","031","Azerbaïdjan","7211","Part du total des animaux","02151","Poulets","2023","2023","% du total des UGB","11.25","E","Valeur estimée"
"EK","Tendances dans l’élevage","031","Azerbaïdjan","5118","Réserves","02151","Poulets","2023","2023","Unités de gros bétail (UGB)","286980","E","Valeur estimée"
"EK","Tendances dans l’élevage","044","Bahamas","7213","Densité des animaux dans la superficie agricole","02151","Poulets","2023","2023","UGB/ha","2.5","E","Valeur estimée"
"EK","Tendances dans l’élevage","044","Bahamas","7211","Part du total des animaux","02151","Poulets","2023","2023","% du total des UGB","89.91","E","Valeur estimée"
"EK","Tendances dans l’élevage","044","Bahamas","5118","Réserves","02151","Poulets","2023","2023","Unités de gros bétail (UGB)","32460","E","Valeur estimée"
"EK","Tendances dans l’élevage","048","Bahreïn","7213","Densité des animaux dans la superficie agricole","02151","Poulets","2023","2023","UGB/ha","2.27","E","Valeur estimée"
"EK","Tendances dans l’élevage","048","Bahreïn","7211","Part du total des animaux","02151","Poulets","2023","2023","% du total des UGB","53.91","E","Valeur estimée"
"EK","Tendances dans l’élevage","048","Bahreïn","5118","Réserves","02151","Poulets","2023","2023","Unités de gros bétail (UGB)","18390","E","Valeur estimée"
"EK","Tendances dans l’élevage","050","Bangladesh","7213","Densité des animaux dans la superficie agricole","02151","Poulets","2023","2023","UGB/ha","0.34","E","Valeur estimée"
"EK","Tendances dans l’élevage","050","Bangladesh","7211","Part du total des animaux","02151","Poulets","2023","2023","% du total des UGB","16.43","E","Valeur estimée"
"EK","Tendances dans l’élevage","050","Bangladesh","5118","Réserves","02151","Poulets","2023","2023","Unités de gros bétail (UGB)","3196890","E","Valeur estimée"
"EK","Tendances dans l’élevage","052","Barbade","7213","Densité des animaux dans la superficie agricole","02151","Poulets","2023","2023","UGB/ha","5.02","E","Valeur estimée"
"EK","Tendances dans l’élevage","052","Barbade","7211","Part du total des animaux","02151","Poulets","2023","2023","% du total des UGB","75.71","E","Valeur estimée"
"EK","Tendances dans l’élevage","052","Barbade","5118","Réserves","02151","Poulets","2023","2023","Unités de gros bétail (UGB)","50220","E","Valeur estimée"
"EK","Tendances dans l’élevage","112","Bélarus","7213","Densité des animaux dans la superficie agricole","02151","Poulets","2023","2023","UGB/ha","0.15","E","Valeur estimée"
"EK","Tendances dans l’élevage","112","Bélarus","7211","Part du total des animaux","02151","Poulets","2023","2023","% du total des UGB","27.39","E","Valeur estimée"
"EK","Tendances dans l’élevage","112","Bélarus","5118","Réserves","02151","Poulets","2023","2023","Unités de gros bétail (UGB)","1196580","E","Valeur estimée"
"EK","Tendances dans l’élevage","056","Belgique","7213","Densité des animaux dans la superficie agricole","02151","Poulets","2023","2023","UGB/ha","0.36","E","Valeur estimée"
"EK","Tendances dans l’élevage","056","Belgique","7211","Part du total des animaux","02151","Poulets","2023","2023","% du total des UGB","12.65","E","Valeur estimée"
"EK","Tendances dans l’élevage","056","Belgique","5118","Réserves","02151","Poulets","2023","2023","Unités de gros bétail (UGB)","487540","E","Valeur estimée"
"EK","Tendances dans l’élevage","084","Belize","7213","Densité des animaux dans la superficie agricole","02151","Poulets","2023","2023","UGB/ha","0.09","E","Valeur estimée"
"EK","Tendances dans l’élevage","084","Belize","7211","Part du total des animaux","02151","Poulets","2023","2023","% du total des UGB","16.72","E","Valeur estimée"
"EK","Tendances dans l’élevage","084","Belize","5118","Réserves","02151","Poulets","2023","2023","Unités de gros bétail (UGB)","17030","E","Valeur estimée"
"EK","Tendances dans l’élevage","204","Bénin","7213","Densité des animaux dans la superficie agricole","02151","Poulets","2023","2023","UGB/ha","0.04","E","Valeur estimée"
"EK","Tendances dans l’élevage","204","Bénin","7211","Part du total des animaux","02151","Poulets","2023","2023","% du total des UGB","7.76","E","Valeur estimée"
"EK","Tendances dans l’élevage","204","Bénin","5118","Réserves","02151","Poulets","2023","2023","Unités de gros bétail (UGB)","176380","E","Valeur estimée"
"EK","Tendances dans l’élevage","064","Bhoutan","7213","Densité des animaux dans la superficie agricole","02151","Poulets","2023","2023","UGB/ha","0.02","E","Valeur estimée"
"EK","Tendances dans l’élevage","064","Bhoutan","7211","Part du total des animaux","02151","Poulets","2023","2023","% du total des UGB","4.54","E","Valeur estimée"
"EK","Tendances dans l’élevage","064","Bhoutan","5118","Réserves","02151","Poulets","2023","2023","Unités de gros bétail (UGB)","8190","E","Valeur estimée"
"EK","Tendances dans l’élevage","068","Bolivie (État plurinational de)","7213","Densité des animaux dans la superficie agricole","02151","Poulets","2023","2023","UGB/ha","0.06","E","Valeur estimée"
"EK","Tendances dans l’élevage","068","Bolivie (État plurinational de)","7211","Part du total des animaux","02151","Poulets","2023","2023","% du total des UGB","17.9","E","Valeur estimée"
"EK","Tendances dans l’élevage","068","Bolivie (État plurinational de)","5118","Réserves","02151","Poulets","2023","2023","Unités de gros bétail (UGB)","2232380","E","Valeur estimée"
"EK","Tendances dans l’élevage","070","Bosnie-Herzégovine","7213","Densité des animaux dans la superficie agricole","02151","Poulets","2023","2023","UGB/ha","0.08","E","Valeur estimée"
"EK","Tendances dans l’élevage","070","Bosnie-Herzégovine","7211","Part du total des animaux","02151","Poulets","2023","2023","% du total des UGB","18.79","E","Valeur estimée"
"EK","Tendances dans l’élevage","070","Bosnie-Herzégovine","5118","Réserves","02151","Poulets","2023","2023","Unités de gros bétail (UGB)","93830","E","Valeur estimée"
"EK","Tendances dans l’élevage","072","Botswana","7213","Densité des animaux dans la superficie agricole","02151","Poulets","2023","2023","UGB/ha","0","E","Valeur estimée"
"EK","Tendances dans l’élevage","072","Botswana","7211","Part du total des animaux","02151","Poulets","2023","2023","% du total des UGB","1.21","E","Valeur estimée"
"EK","Tendances dans l’élevage","072","Botswana","5118","Réserves","02151","Poulets","2023","2023","Unités de gros bétail (UGB)","8200","E","Valeur estimée"
"EK","Tendances dans l’élevage","076","Brésil","7213","Densité des animaux dans la superficie agricole","02151","Poulets","2023","2023","UGB/ha","0.07","E","Valeur estimée"
"EK","Tendances dans l’élevage","076","Brésil","7211","Part du total des animaux","02151","Poulets","2023","2023","% du total des UGB","7.81","E","Valeur estimée"
"EK","Tendances dans l’élevage","076","Brésil","5118","Réserves","02151","Poulets","2023","2023","Unités de gros bétail (UGB)","15775700","E","Valeur estimée"
"EK","Tendances dans l’élevage","096","Brunéi Darussalam","7213","Densité des animaux dans la superficie agricole","02151","Poulets","2023","2023","UGB/ha","15.77","E","Valeur estimée"
"EK","Tendances dans l’élevage","096","Brunéi Darussalam","7211","Part du total des animaux","02151","Poulets","2023","2023","% du total des UGB","99.1","E","Valeur estimée"
"EK","Tendances dans l’élevage","096","Brunéi Darussalam","5118","Réserves","02151","Poulets","2023","2023","Unités de gros bétail (UGB)","211310","E","Valeur estimée"
"EK","Tendances dans l’élevage","854","Burkina Faso","7213","Densité des animaux dans la superficie agricole","02151","Poulets","2023","2023","UGB/ha","0.02","E","Valeur estimée"
"EK","Tendances dans l’élevage","854","Burkina Faso","7211","Part du total des animaux","02151","Poulets","2023","2023","% du total des UGB","3.91","E","Valeur estimée"
"EK","Tendances dans l’élevage","854","Burkina Faso","5118","Réserves","02151","Poulets","2023","2023","Unités de gros bétail (UGB)","329770","E","Valeur estimée"
"EK","Tendances dans l’élevage","108","Burundi","7213","Densité des animaux dans la superficie agricole","02151","Poulets","2023","2023","UGB/ha","0.01","E","Valeur estimée"
"EK","Tendances dans l’élevage","108","Burundi","7211","Part du total des animaux","02151","Poulets","2023","2023","% du total des UGB","2.21","E","Valeur estimée"
"EK","Tendances dans l’élevage","108","Burundi","5118","Réserves","02151","Poulets","2023","2023","Unités de gros bétail (UGB)","30570","E","Valeur estimée"
"EK","Tendances dans l’élevage","132","Cabo Verde","7213","Densité des animaux dans la superficie agricole","02151","Poulets","2023","2023","UGB/ha","0.08","E","Valeur estimée"
"EK","Tendances dans l’élevage","132","Cabo Verde","7211","Part du total des animaux","02151","Poulets","2023","2023","% du total des UGB","11.43","E","Valeur estimée"
"EK","Tendances dans l’élevage","132","Cabo Verde","5118","Réserves","02151","Poulets","2023","2023","Unités de gros bétail (UGB)","6710","E","Valeur estimée"
"EK","Tendances dans l’élevage","116","Cambodge","7213","Densité des animaux dans la superficie agricole","02151","Poulets","2023","2023","UGB/ha","0.02","E","Valeur estimée"
"EK","Tendances dans l’élevage","116","Cambodge","7211","Part du total des animaux","02151","Poulets","2023","2023","% du total des UGB","4.54","E","Valeur estimée"
"EK","Tendances dans l’élevage","116","Cambodge","5118","Réserves","02151","Poulets","2023","2023","Unités de gros bétail (UGB)","128170","E","Valeur estimée"
"EK","Tendances dans l’élevage","120","Cameroun","7213","Densité des animaux dans la superficie agricole","02151","Poulets","2023","2023","UGB/ha","0.05","E","Valeur estimée"
"EK","Tendances dans l’élevage","120","Cameroun","7211","Part du total des animaux","02151","Poulets","2023","2023","% du total des UGB","9.65","E","Valeur estimée"
"EK","Tendances dans l’élevage","120","Cameroun","5118","Réserves","02151","Poulets","2023","2023","Unités de gros bétail (UGB)","476880","E","Valeur estimée"
"EK","Tendances dans l’élevage","124","Canada","7213","Densité des animaux dans la superficie agricole","02151","Poulets","2023","2023","UGB/ha","0.03","E","Valeur estimée"
"EK","Tendances dans l’élevage","124","Canada","7211","Part du total des animaux","02151","Poulets","2023","2023","% du total des UGB","10.12","E","Valeur estimée"
"EK","Tendances dans l’élevage","124","Canada","5118","Réserves","02151","Poulets","2023","2023","Unités de gros bétail (UGB)","1714870","E","Valeur estimée"
"EK","Tendances dans l’élevage","152","Chili","7213","Densité des animaux dans la superficie agricole","02151","Poulets","2023","2023","UGB/ha","0.05","E","Valeur estimée"
"EK","Tendances dans l’élevage","152","Chili","7211","Part du total des animaux","02151","Poulets","2023","2023","% du total des UGB","14.31","E","Valeur estimée"
"EK","Tendances dans l’élevage","152","Chili","5118","Réserves","02151","Poulets","2023","2023","Unités de gros bétail (UGB)","523450","E","Valeur estimée"
"EK","Tendances dans l’élevage","159","Chine","7213","Densité des animaux dans la superficie agricole","02151","Poulets","2023","2023","UGB/ha","0.1","E","Valeur estimée"
"EK","Tendances dans l’élevage","159","Chine","7211","Part du total des animaux","02151","Poulets","2023","2023","% du total des UGB","19.79","E","Valeur estimée"
"EK","Tendances dans l’élevage","159","Chine","5118","Réserves","02151","Poulets","2023","2023","Unités de gros bétail (UGB)","53251170","E","Valeur estimée"
"EK","Tendances dans l’élevage","344","Chine - RAS de Hong-Kong","7213","Densité des animaux dans la superficie agricole","02151","Poulets","2023","2023","UGB/ha","10.55","E","Valeur estimée"
"EK","Tendances dans l’élevage","344","Chine - RAS de Hong-Kong","7211","Part du total des animaux","02151","Poulets","2023","2023","% du total des UGB","57.25","E","Valeur estimée"
"EK","Tendances dans l’élevage","344","Chine - RAS de Hong-Kong","5118","Réserves","02151","Poulets","2023","2023","Unités de gros bétail (UGB)","42190","E","Valeur estimée"
"EK","Tendances dans l’élevage","446","Chine - RAS de Macao","7211","Part du total des animaux","02151","Poulets","2023","2023","% du total des UGB","100","E","Valeur estimée"
"EK","Tendances dans l’élevage","446","Chine - RAS de Macao","5118","Réserves","02151","Poulets","2023","2023","Unités de gros bétail (UGB)","8190","E","Valeur estimée"
"EK","Tendances dans l’élevage","156","Chine, continentale","7213","Densité des animaux dans la superficie agricole","02151","Poulets","2023","2023","UGB/ha","0.1","E","Valeur estimée"
"EK","Tendances dans l’élevage","156","Chine, continentale","7211","Part du total des animaux","02151","Poulets","2023","2023","% du total des UGB","19.57","E","Valeur estimée"
"EK","Tendances dans l’élevage","156","Chine, continentale","5118","Réserves","02151","Poulets","2023","2023","Unités de gros bétail (UGB)","52173620","E","Valeur estimée"
"EK","Tendances dans l’élevage","158","Chine, Taiwan Province de","7213","Densité des animaux dans la superficie agricole","02151","Poulets","2023","2023","UGB/ha","1.32","E","Valeur estimée"
"EK","Tendances dans l’élevage","158","Chine, Taiwan Province de","7211","Part du total des animaux","02151","Poulets","2023","2023","% du total des UGB","42.25","E","Valeur estimée"
"EK","Tendances dans l’élevage","158","Chine, Taiwan Province de","5118","Réserves","02151","Poulets","2023","2023","Unités de gros bétail (UGB)","1027170","E","Valeur estimée"
"EK","Tendances dans l’élevage","170","Colombie","7213","Densité des animaux dans la superficie agricole","02151","Poulets","2023","2023","UGB/ha","0.05","E","Valeur estimée"
"EK","Tendances dans l’élevage","170","Colombie","7211","Part du total des animaux","02151","Poulets","2023","2023","% du total des UGB","7.84","E","Valeur estimée"
"EK","Tendances dans l’élevage","170","Colombie","5118","Réserves","02151","Poulets","2023","2023","Unités de gros bétail (UGB)","2083310","E","Valeur estimée"
"EK","Tendances dans l’élevage","174","Comores","7213","Densité des animaux dans la superficie agricole","02151","Poulets","2023","2023","UGB/ha","0.04","E","Valeur estimée"
"EK","Tendances dans l’élevage","174","Comores","7211","Part du total des animaux","02151","Poulets","2023","2023","% du total des UGB","11.33","E","Valeur estimée"
"EK","Tendances dans l’élevage","174","Comores","5118","Réserves","02151","Poulets","2023","2023","Unités de gros bétail (UGB)","5370","E","Valeur estimée"
"EK","Tendances dans l’élevage","178","Congo","7213","Densité des animaux dans la superficie agricole","02151","Poulets","2023","2023","UGB/ha","0","E","Valeur estimée"
"EK","Tendances dans l’élevage","178","Congo","7211","Part du total des animaux","02151","Poulets","2023","2023","% du total des UGB","11.65","E","Valeur estimée"
"EK","Tendances dans l’élevage","178","Congo","5118","Réserves","02151","Poulets","2023","2023","Unités de gros bétail (UGB)","30300","E","Valeur estimée"
"EK","Tendances dans l’élevage","188","Costa Rica","7213","Densité des animaux dans la superficie agricole","02151","Poulets","2023","2023","UGB/ha","0.16","E","Valeur estimée"
"EK","Tendances dans l’élevage","188","Costa Rica","7211","Part du total des animaux","02151","Poulets","2023","2023","% du total des UGB","13.3","E","Valeur estimée"
"EK","Tendances dans l’élevage","188","Costa Rica","5118","Réserves","02151","Poulets","2023","2023","Unités de gros bétail (UGB)","267410","E","Valeur estimée"
"EK","Tendances dans l’élevage","384","Côte d'Ivoire","7213","Densité des animaux dans la superficie agricole","02151","Poulets","2023","2023","UGB/ha","0.05","E","Valeur estimée"
"EK","Tendances dans l’élevage","384","Côte d'Ivoire","7211","Part du total des animaux","02151","Poulets","2023","2023","% du total des UGB","45.11","E","Valeur estimée"
"EK","Tendances dans l’élevage","384","Côte d'Ivoire","5118","Réserves","02151","Poulets","2023","2023","Unités de gros bétail (UGB)","1385440","E","Valeur estimée"
"EK","Tendances dans l’élevage","191","Croatie","7213","Densité des animaux dans la superficie agricole","02151","Poulets","2023","2023","UGB/ha","0.07","E","Valeur estimée"
"EK","Tendances dans l’élevage","191","Croatie","7211","Part du total des animaux","02151","Poulets","2023","2023","% du total des UGB","16.47","E","Valeur estimée"
"EK","Tendances dans l’élevage","191","Croatie","5118","Réserves","02151","Poulets","2023","2023","Unités de gros bétail (UGB)","103430","E","Valeur estimée"
"EK","Tendances dans l’élevage","192","Cuba","7213","Densité des animaux dans la superficie agricole","02151","Poulets","2023","2023","UGB/ha","0.05","E","Valeur estimée"
"EK","Tendances dans l’élevage","192","Cuba","7211","Part du total des animaux","02151","Poulets","2023","2023","% du total des UGB","8.65","E","Valeur estimée"
"EK","Tendances dans l’élevage","192","Cuba","5118","Réserves","02151","Poulets","2023","2023","Unités de gros bétail (UGB)","302420","E","Valeur estimée"
"EK","Tendances dans l’élevage","208","Danemark","7213","Densité des animaux dans la superficie agricole","02151","Poulets","2023","2023","UGB/ha","0.08","E","Valeur estimée"
"EK","Tendances dans l’élevage","208","Danemark","7211","Part du total des animaux","02151","Poulets","2023","2023","% du total des UGB","4.63","E","Valeur estimée"
"EK","Tendances dans l’élevage","208","Danemark","5118","Réserves","02151","Poulets","2023","2023","Unités de gros bétail (UGB)","201560","E","Valeur estimée"
"EK","Tendances dans l’élevage","212","Dominique","7213","Densité des animaux dans la superficie agricole","02151","Poulets","2023","2023","UGB/ha","0.08","E","Valeur estimée"
"EK","Tendances dans l’élevage","212","Dominique","7211","Part du total des animaux","02151","Poulets","2023","2023","% du total des UGB","15.37","E","Valeur estimée"
"EK","Tendances dans l’élevage","212","Dominique","5118","Réserves","02151","Poulets","2023","2023","Unités de gros bétail (UGB)","2040","E","Valeur estimée"
"EK","Tendances dans l’élevage","818","Égypte","7213","Densité des animaux dans la superficie agricole","02151","Poulets","2023","2023","UGB/ha","0.67","E","Valeur estimée"
"EK","Tendances dans l’élevage","818","Égypte","7211","Part du total des animaux","02151","Poulets","2023","2023","% du total des UGB","39.43","E","Valeur estimée"
"EK","Tendances dans l’élevage","818","Égypte","5118","Réserves","02151","Poulets","2023","2023","Unités de gros bétail (UGB)","2733330","E","Valeur estimée"
"EK","Tendances dans l’élevage","222","El Salvador","7213","Densité des animaux dans la superficie agricole","02151","Poulets","2023","2023","UGB/ha","0.16","E","Valeur estimée"
"EK","Tendances dans l’élevage","222","El Salvador","7211","Part du total des animaux","02151","Poulets","2023","2023","% du total des UGB","22.38","E","Valeur estimée"
"EK","Tendances dans l’élevage","222","El Salvador","5118","Réserves","02151","Poulets","2023","2023","Unités de gros bétail (UGB)","187730","E","Valeur estimée"
"EK","Tendances dans l’élevage","784","Émirats arabes unis","7213","Densité des animaux dans la superficie agricole","02151","Poulets","2023","2023","UGB/ha","0.67","E","Valeur estimée"
"EK","Tendances dans l’élevage","784","Émirats arabes unis","7211","Part du total des animaux","02151","Poulets","2023","2023","% du total des UGB","21.58","E","Valeur estimée"
"EK","Tendances dans l’élevage","784","Émirats arabes unis","5118","Réserves","02151","Poulets","2023","2023","Unités de gros bétail (UGB)","261160","E","Valeur estimée"
"EK","Tendances dans l’élevage","218","Équateur","7213","Densité des animaux dans la superficie agricole","02151","Poulets","2023","2023","UGB/ha","0.32","E","Valeur estimée"
"EK","Tendances dans l’élevage","218","Équateur","7211","Part du total des animaux","02151","Poulets","2023","2023","% du total des UGB","36.27","E","Valeur estimée"
"EK","Tendances dans l’élevage","218","Équateur","5118","Réserves","02151","Poulets","2023","2023","Unités de gros bétail (UGB)","1737810","E","Valeur estimée"
"EK","Tendances dans l’élevage","232","Érythrée","7213","Densité des animaux dans la superficie agricole","02151","Poulets","2023","2023","UGB/ha","0","E","Valeur estimée"
"EK","Tendances dans l’élevage","232","Érythrée","7211","Part du total des animaux","02151","Poulets","2023","2023","% du total des UGB","0.67","E","Valeur estimée"
"EK","Tendances dans l’élevage","232","Érythrée","5118","Réserves","02151","Poulets","2023","2023","Unités de gros bétail (UGB)","12030","E","Valeur estimée"
"EK","Tendances dans l’élevage","233","Estonie","7213","Densité des animaux dans la superficie agricole","02151","Poulets","2023","2023","UGB/ha","0.02","E","Valeur estimée"
"EK","Tendances dans l’élevage","233","Estonie","7211","Part du total des animaux","02151","Poulets","2023","2023","% du total des UGB","8.86","E","Valeur estimée"
"EK","Tendances dans l’élevage","233","Estonie","5118","Réserves","02151","Poulets","2023","2023","Unités de gros bétail (UGB)","21320","E","Valeur estimée"
"EK","Tendances dans l’élevage","748","Eswatini","7213","Densité des animaux dans la superficie agricole","02151","Poulets","2023","2023","UGB/ha","0.02","E","Valeur estimée"
"EK","Tendances dans l’élevage","748","Eswatini","7211","Part du total des animaux","02151","Poulets","2023","2023","% du total des UGB","5.62","E","Valeur estimée"
"EK","Tendances dans l’élevage","748","Eswatini","5118","Réserves","02151","Poulets","2023","2023","Unités de gros bétail (UGB)","19380","E","Valeur estimée"
"EK","Tendances dans l’élevage","840","États-Unis d'Amérique","7213","Densité des animaux dans la superficie agricole","02151","Poulets","2023","2023","UGB/ha","0.04","E","Valeur estimée"
"EK","Tendances dans l’élevage","840","États-Unis d'Amérique","7211","Part du total des animaux","02151","Poulets","2023","2023","% du total des UGB","11.81","E","Valeur estimée"
"EK","Tendances dans l’élevage","840","États-Unis d'Amérique","5118","Réserves","02151","Poulets","2023","2023","Unités de gros bétail (UGB)","15260000","E","Valeur estimée"
"EK","Tendances dans l’élevage","231","Éthiopie","7213","Densité des animaux dans la superficie agricole","02151","Poulets","2023","2023","UGB/ha","0.01","E","Valeur estimée"
"EK","Tendances dans l’élevage","231","Éthiopie","7211","Part du total des animaux","02151","Poulets","2023","2023","% du total des UGB","1.07","E","Valeur estimée"
"EK","Tendances dans l’élevage","231","Éthiopie","5118","Réserves","02151","Poulets","2023","2023","Unités de gros bétail (UGB)","549730","E","Valeur estimée"
"EK","Tendances dans l’élevage","643","Fédération de Russie","7213","Densité des animaux dans la superficie agricole","02151","Poulets","2023","2023","UGB/ha","0.02","E","Valeur estimée"
"EK","Tendances dans l’élevage","643","Fédération de Russie","7211","Part du total des animaux","02151","Poulets","2023","2023","% du total des UGB","19.71","E","Valeur estimée"
"EK","Tendances dans l’élevage","643","Fédération de Russie","5118","Réserves","02151","Poulets","2023","2023","Unités de gros bétail (UGB)","4992200","E","Valeur estimée"
"EK","Tendances dans l’élevage","242","Fidji","7213","Densité des animaux dans la superficie agricole","02151","Poulets","2023","2023","UGB/ha","0.18","E","Valeur estimée"
"EK","Tendances dans l’élevage","242","Fidji","7211","Part du total des animaux","02151","Poulets","2023","2023","% du total des UGB","27.83","E","Valeur estimée"
"EK","Tendances dans l’élevage","242","Fidji","5118","Réserves","02151","Poulets","2023","2023","Unités de gros bétail (UGB)","57430","E","Valeur estimée"
"EK","Tendances dans l’élevage","246","Finlande","7213","Densité des animaux dans la superficie agricole","02151","Poulets","2023","2023","UGB/ha","0.08","E","Valeur estimée"
"EK","Tendances dans l’élevage","246","Finlande","7211","Part du total des animaux","02151","Poulets","2023","2023","% du total des UGB","16.05","E","Valeur estimée"
"EK","Tendances dans l’élevage","246","Finlande","5118","Réserves","02151","Poulets","2023","2023","Unités de gros bétail (UGB)","186970","E","Valeur estimée"
"EK","Tendances dans l’élevage","250","France","7213","Densité des animaux dans la superficie agricole","02151","Poulets","2023","2023","UGB/ha","0.08","E","Valeur estimée"
"EK","Tendances dans l’élevage","250","France","7211","Part du total des animaux","02151","Poulets","2023","2023","% du total des UGB","10.48","E","Valeur estimée"
"EK","Tendances dans l’élevage","250","France","5118","Réserves","02151","Poulets","2023","2023","Unités de gros bétail (UGB)","2207870","E","Valeur estimée"
"EK","Tendances dans l’élevage","266","Gabon","7213","Densité des animaux dans la superficie agricole","02151","Poulets","2023","2023","UGB/ha","0.02","E","Valeur estimée"
"EK","Tendances dans l’élevage","266","Gabon","7211","Part du total des animaux","02151","Poulets","2023","2023","% du total des UGB","25.47","E","Valeur estimée"
"EK","Tendances dans l’élevage","266","Gabon","5118","Réserves","02151","Poulets","2023","2023","Unités de gros bétail (UGB)","34030","E","Valeur estimée"
"EK","Tendances dans l’élevage","270","Gambie","7213","Densité des animaux dans la superficie agricole","02151","Poulets","2023","2023","UGB/ha","0.02","E","Valeur estimée"
"EK","Tendances dans l’élevage","270","Gambie","7211","Part du total des animaux","02151","Poulets","2023","2023","% du total des UGB","4.06","E","Valeur estimée"
"EK","Tendances dans l’élevage","270","Gambie","5118","Réserves","02151","Poulets","2023","2023","Unités de gros bétail (UGB)","9940","E","Valeur estimée"
"EK","Tendances dans l’élevage","268","Géorgie","7213","Densité des animaux dans la superficie agricole","02151","Poulets","2023","2023","UGB/ha","0.04","E","Valeur estimée"
"EK","Tendances dans l’élevage","268","Géorgie","7211","Part du total des animaux","02151","Poulets","2023","2023","% du total des UGB","11.36","E","Valeur estimée"
"EK","Tendances dans l’élevage","268","Géorgie","5118","Réserves","02151","Poulets","2023","2023","Unités de gros bétail (UGB)","88120","E","Valeur estimée"
"EK","Tendances dans l’élevage","288","Ghana","7213","Densité des animaux dans la superficie agricole","02151","Poulets","2023","2023","UGB/ha","0.07","E","Valeur estimée"
"EK","Tendances dans l’élevage","288","Ghana","7211","Part du total des animaux","02151","Poulets","2023","2023","% du total des UGB","24.66","E","Valeur estimée"
"EK","Tendances dans l’élevage","288","Ghana","5118","Réserves","02151","Poulets","2023","2023","Unités de gros bétail (UGB)","936660","E","Valeur estimée"
"EK","Tendances dans l’élevage","308","Grenade","7213","Densité des animaux dans la superficie agricole","02151","Poulets","2023","2023","UGB/ha","0.5","E","Valeur estimée"
"EK","Tendances dans l’élevage","308","Grenade","7211","Part du total des animaux","02151","Poulets","2023","2023","% du total des UGB","31.11","E","Valeur estimée"
"EK","Tendances dans l’élevage","308","Grenade","5118","Réserves","02151","Poulets","2023","2023","Unités de gros bétail (UGB)","3990","E","Valeur estimée"
"EK","Tendances dans l’élevage","320","Guatemala","7213","Densité des animaux dans la superficie agricole","02151","Poulets","2023","2023","UGB/ha","0.1","E","Valeur estimée"
"EK","Tendances dans l’élevage","320","Guatemala","7211","Part du total des animaux","02151","Poulets","2023","2023","% du total des UGB","10.99","E","Valeur estimée"
"EK","Tendances dans l’élevage","320","Guatemala","5118","Réserves","02151","Poulets","2023","2023","Unités de gros bétail (UGB)","472160","E","Valeur estimée"
"EK","Tendances dans l’élevage","324","Guinée","7213","Densité des animaux dans la superficie agricole","02151","Poulets","2023","2023","UGB/ha","0.02","E","Valeur estimée"
"EK","Tendances dans l’élevage","324","Guinée","7211","Part du total des animaux","02151","Poulets","2023","2023","% du total des UGB","7.24","E","Valeur estimée"
"EK","Tendances dans l’élevage","324","Guinée","5118","Réserves","02151","Poulets","2023","2023","Unités de gros bétail (UGB)","411590","E","Valeur estimée"
"EK","Tendances dans l’élevage","226","Guinée équatoriale","7213","Densité des animaux dans la superficie agricole","02151","Poulets","2023","2023","UGB/ha","0.04","E","Valeur estimée"
"EK","Tendances dans l’élevage","226","Guinée équatoriale","7211","Part du total des animaux","02151","Poulets","2023","2023","% du total des UGB","28.8","E","Valeur estimée"
"EK","Tendances dans l’élevage","226","Guinée équatoriale","5118","Réserves","02151","Poulets","2023","2023","Unités de gros bétail (UGB)","3810","E","Valeur estimée"
"EK","Tendances dans l’élevage","624","Guinée-Bissau","7213","Densité des animaux dans la superficie agricole","02151","Poulets","2023","2023","UGB/ha","0.03","E","Valeur estimée"
"EK","Tendances dans l’élevage","624","Guinée-Bissau","7211","Part du total des animaux","02151","Poulets","2023","2023","% du total des UGB","3.47","E","Valeur estimée"
"EK","Tendances dans l’élevage","624","Guinée-Bissau","5118","Réserves","02151","Poulets","2023","2023","Unités de gros bétail (UGB)","21400","E","Valeur estimée"
"EK","Tendances dans l’élevage","328","Guyana","7213","Densité des animaux dans la superficie agricole","02151","Poulets","2023","2023","UGB/ha","0.45","E","Valeur estimée"
"EK","Tendances dans l’élevage","328","Guyana","7211","Part du total des animaux","02151","Poulets","2023","2023","% du total des UGB","76.64","E","Valeur estimée"
"EK","Tendances dans l’élevage","328","Guyana","5118","Réserves","02151","Poulets","2023","2023","Unités de gros bétail (UGB)","320880","E","Valeur estimée"
"EK","Tendances dans l’élevage","332","Haïti","7213","Densité des animaux dans la superficie agricole","02151","Poulets","2023","2023","UGB/ha","0.03","E","Valeur estimée"
"EK","Tendances dans l’élevage","332","Haïti","7211","Part du total des animaux","02151","Poulets","2023","2023","% du total des UGB","3.14","E","Valeur estimée"
"EK","Tendances dans l’élevage","332","Haïti","5118","Réserves","02151","Poulets","2023","2023","Unités de gros bétail (UGB)","59520","E","Valeur estimée"
"EK","Tendances dans l’élevage","340","Honduras","7213","Densité des animaux dans la superficie agricole","02151","Poulets","2023","2023","UGB/ha","0.13","E","Valeur estimée"
"EK","Tendances dans l’élevage","340","Honduras","7211","Part du total des animaux","02151","Poulets","2023","2023","% du total des UGB","17.12","E","Valeur estimée"
"EK","Tendances dans l’élevage","340","Honduras","5118","Réserves","02151","Poulets","2023","2023","Unités de gros bétail (UGB)","479020","E","Valeur estimée"
"EK","Tendances dans l’élevage","348","Hongrie","7213","Densité des animaux dans la superficie agricole","02151","Poulets","2023","2023","UGB/ha","0.06","E","Valeur estimée"
"EK","Tendances dans l’élevage","348","Hongrie","7211","Part du total des animaux","02151","Poulets","2023","2023","% du total des UGB","18.32","E","Valeur estimée"
"EK","Tendances dans l’élevage","348","Hongrie","5118","Réserves","02151","Poulets","2023","2023","Unités de gros bétail (UGB)","291240","E","Valeur estimée"
"EK","Tendances dans l’élevage","184","Îles Cook","7213","Densité des animaux dans la superficie agricole","02151","Poulets","2023","2023","UGB/ha","0.17","E","Valeur estimée"
"EK","Tendances dans l’élevage","184","Îles Cook","7211","Part du total des animaux","02151","Poulets","2023","2023","% du total des UGB","5.89","E","Valeur estimée"
"EK","Tendances dans l’élevage","184","Îles Cook","5118","Réserves","02151","Poulets","2023","2023","Unités de gros bétail (UGB)","330","E","Valeur estimée"
"EK","Tendances dans l’élevage","090","Îles Salomon","7213","Densité des animaux dans la superficie agricole","02151","Poulets","2023","2023","UGB/ha","0.02","E","Valeur estimée"
"EK","Tendances dans l’élevage","090","Îles Salomon","7211","Part du total des animaux","02151","Poulets","2023","2023","% du total des UGB","10.75","E","Valeur estimée"
"EK","Tendances dans l’élevage","090","Îles Salomon","5118","Réserves","02151","Poulets","2023","2023","Unités de gros bétail (UGB)","2470","E","Valeur estimée"
"EK","Tendances dans l’élevage","356","Inde","7213","Densité des animaux dans la superficie agricole","02151","Poulets","2023","2023","UGB/ha","0.05","E","Valeur estimée"
"EK","Tendances dans l’élevage","356","Inde","7211","Part du total des animaux","02151","Poulets","2023","2023","% du total des UGB","4.52","E","Valeur estimée"
"EK","Tendances dans l’élevage","356","Inde","5118","Réserves","02151","Poulets","2023","2023","Unités de gros bétail (UGB)","8450000","E","Valeur estimée"
"EK","Tendances dans l’élevage","360","Indonésie","7213","Densité des animaux dans la superficie agricole","02151","Poulets","2023","2023","UGB/ha","0.67","E","Valeur estimée"
"EK","Tendances dans l’élevage","360","Indonésie","7211","Part du total des animaux","02151","Poulets","2023","2023","% du total des UGB","66.62","E","Valeur estimée"
"EK","Tendances dans l’élevage","360","Indonésie","5118","Réserves","02151","Poulets","2023","2023","Unités de gros bétail (UGB)","37024870","E","Valeur estimée"
"EK","Tendances dans l’élevage","364","Iran (République islamique d')","7213","Densité des animaux dans la superficie agricole","02151","Poulets","2023","2023","UGB/ha","0.22","E","Valeur estimée"
"EK","Tendances dans l’élevage","364","Iran (République islamique d')","7211","Part du total des animaux","02151","Poulets","2023","2023","% du total des UGB","45.81","E","Valeur estimée"
"EK","Tendances dans l’élevage","364","Iran (République islamique d')","5118","Réserves","02151","Poulets","2023","2023","Unités de gros bétail (UGB)","10181120","E","Valeur estimée"
"EK","Tendances dans l’élevage","368","Iraq","7213","Densité des animaux dans la superficie agricole","02151","Poulets","2023","2023","UGB/ha","0.15","E","Valeur estimée"
"EK","Tendances dans l’élevage","368","Iraq","7211","Part du total des animaux","02151","Poulets","2023","2023","% du total des UGB","33.97","E","Valeur estimée"
"EK","Tendances dans l’élevage","368","Iraq","5118","Réserves","02151","Poulets","2023","2023","Unités de gros bétail (UGB)","1449930","E","Valeur estimée"
"EK","Tendances dans l’élevage","352","Islande","7213","Densité des animaux dans la superficie agricole","02151","Poulets","2023","2023","UGB/ha","0","E","Valeur estimée"
"EK","Tendances dans l’élevage","352","Islande","7211","Part du total des animaux","02151","Poulets","2023","2023","% du total des UGB","1.49","E","Valeur estimée"
"EK","Tendances dans l’élevage","352","Islande","5118","Réserves","02151","Poulets","2023","2023","Unités de gros bétail (UGB)","2200","E","Valeur estimée"
"EK","Tendances dans l’élevage","376","Israël","7213","Densité des animaux dans la superficie agricole","02151","Poulets","2023","2023","UGB/ha","0.9","E","Valeur estimée"
"EK","Tendances dans l’élevage","376","Israël","7211","Part du total des animaux","02151","Poulets","2023","2023","% du total des UGB","52.32","E","Valeur estimée"
"EK","Tendances dans l’élevage","376","Israël","5118","Réserves","02151","Poulets","2023","2023","Unités de gros bétail (UGB)","485060","E","Valeur estimée"
"EK","Tendances dans l’élevage","388","Jamaïque","7213","Densité des animaux dans la superficie agricole","02151","Poulets","2023","2023","UGB/ha","0.34","E","Valeur estimée"
"EK","Tendances dans l’élevage","388","Jamaïque","7211","Part du total des animaux","02151","Poulets","2023","2023","% du total des UGB","39.74","E","Valeur estimée"
"EK","Tendances dans l’élevage","388","Jamaïque","5118","Réserves","02151","Poulets","2023","2023","Unités de gros bétail (UGB)","141260","E","Valeur estimée"
"EK","Tendances dans l’élevage","392","Japon","7213","Densité des animaux dans la superficie agricole","02151","Poulets","2023","2023","UGB/ha","0.68","E","Valeur estimée"
"EK","Tendances dans l’élevage","392","Japon","7211","Part du total des animaux","02151","Poulets","2023","2023","% du total des UGB","34.75","E","Valeur estimée"
"EK","Tendances dans l’élevage","392","Japon","5118","Réserves","02151","Poulets","2023","2023","Unités de gros bétail (UGB)","3137280","E","Valeur estimée"
"EK","Tendances dans l’élevage","400","Jordanie","7213","Densité des animaux dans la superficie agricole","02151","Poulets","2023","2023","UGB/ha","0.41","E","Valeur estimée"
"EK","Tendances dans l’élevage","400","Jordanie","7211","Part du total des animaux","02151","Poulets","2023","2023","% du total des UGB","49.07","E","Valeur estimée"
"EK","Tendances dans l’élevage","400","Jordanie","5118","Réserves","02151","Poulets","2023","2023","Unités de gros bétail (UGB)","424110","E","Valeur estimée"
"EK","Tendances dans l’élevage","398","Kazakhstan","7213","Densité des animaux dans la superficie agricole","02151","Poulets","2023","2023","UGB/ha","0","E","Valeur estimée"
"EK","Tendances dans l’élevage","398","Kazakhstan","7211","Part du total des animaux","02151","Poulets","2023","2023","% du total des UGB","4.95","E","Valeur estimée"
"EK","Tendances dans l’élevage","398","Kazakhstan","5118","Réserves","02151","Poulets","2023","2023","Unités de gros bétail (UGB)","441740","E","Valeur estimée"
"EK","Tendances dans l’élevage","404","Kenya","7213","Densité des animaux dans la superficie agricole","02151","Poulets","2023","2023","UGB/ha","0.02","E","Valeur estimée"
"EK","Tendances dans l’élevage","404","Kenya","7211","Part du total des animaux","02151","Poulets","2023","2023","% du total des UGB","3.25","E","Valeur estimée"
"EK","Tendances dans l’élevage","404","Kenya","5118","Réserves","02151","Poulets","2023","2023","Unités de gros bétail (UGB)","670430","E","Valeur estimée"
"EK","Tendances dans l’élevage","417","Kirghizistan","7213","Densité des animaux dans la superficie agricole","02151","Poulets","2023","2023","UGB/ha","0.01","E","Valeur estimée"
"EK","Tendances dans l’élevage","417","Kirghizistan","7211","Part du total des animaux","02151","Poulets","2023","2023","% du total des UGB","2.6","E","Valeur estimée"
"EK","Tendances dans l’élevage","417","Kirghizistan","5118","Réserves","02151","Poulets","2023","2023","Unités de gros bétail (UGB)","55540","E","Valeur estimée"
"EK","Tendances dans l’élevage","296","Kiribati","7213","Densité des animaux dans la superficie agricole","02151","Poulets","2023","2023","UGB/ha","0.19","E","Valeur estimée"
"EK","Tendances dans l’élevage","296","Kiribati","7211","Part du total des animaux","02151","Poulets","2023","2023","% du total des UGB","68.14","E","Valeur estimée"
"EK","Tendances dans l’élevage","296","Kiribati","5118","Réserves","02151","Poulets","2023","2023","Unités de gros bétail (UGB)","6590","E","Valeur estimée"
"EK","Tendances dans l’élevage","414","Koweït","7213","Densité des animaux dans la superficie agricole","02151","Poulets","2023","2023","UGB/ha","4.02","E","Valeur estimée"
"EK","Tendances dans l’élevage","414","Koweït","7211","Part du total des animaux","02151","Poulets","2023","2023","% du total des UGB","82.05","E","Valeur estimée"
"EK","Tendances dans l’élevage","414","Koweït","5118","Réserves","02151","Poulets","2023","2023","Unités de gros bétail (UGB)","602340","E","Valeur estimée"
"EK","Tendances dans l’élevage","426","Lesotho","7213","Densité des animaux dans la superficie agricole","02151","Poulets","2023","2023","UGB/ha","0","E","Valeur estimée"
"EK","Tendances dans l’élevage","426","Lesotho","7211","Part du total des animaux","02151","Poulets","2023","2023","% du total des UGB","0.95","E","Valeur estimée"
"EK","Tendances dans l’élevage","426","Lesotho","5118","Réserves","02151","Poulets","2023","2023","Unités de gros bétail (UGB)","4730","E","Valeur estimée"
"EK","Tendances dans l’élevage","428","Lettonie","7213","Densité des animaux dans la superficie agricole","02151","Poulets","2023","2023","UGB/ha","0.03","E","Valeur estimée"
"EK","Tendances dans l’élevage","428","Lettonie","7211","Part du total des animaux","02151","Poulets","2023","2023","% du total des UGB","16.12","E","Valeur estimée"
"EK","Tendances dans l’élevage","428","Lettonie","5118","Réserves","02151","Poulets","2023","2023","Unités de gros bétail (UGB)","59220","E","Valeur estimée"
"EK","Tendances dans l’élevage","422","Liban","7213","Densité des animaux dans la superficie agricole","02151","Poulets","2023","2023","UGB/ha","1.02","E","Valeur estimée"
"EK","Tendances dans l’élevage","422","Liban","7211","Part du total des animaux","02151","Poulets","2023","2023","% du total des UGB","79.23","E","Valeur estimée"
"EK","Tendances dans l’élevage","422","Liban","5118","Réserves","02151","Poulets","2023","2023","Unités de gros bétail (UGB)","684980","E","Valeur estimée"
"EK","Tendances dans l’élevage","430","Libéria","7213","Densité des animaux dans la superficie agricole","02151","Poulets","2023","2023","UGB/ha","0.04","E","Valeur estimée"
"EK","Tendances dans l’élevage","430","Libéria","7211","Part du total des animaux","02151","Poulets","2023","2023","% du total des UGB","37.31","E","Valeur estimée"
"EK","Tendances dans l’élevage","430","Libéria","5118","Réserves","02151","Poulets","2023","2023","Unités de gros bétail (UGB)","85480","E","Valeur estimée"
"EK","Tendances dans l’élevage","434","Libye","7213","Densité des animaux dans la superficie agricole","02151","Poulets","2023","2023","UGB/ha","0.02","E","Valeur estimée"
"EK","Tendances dans l’élevage","434","Libye","7211","Part du total des animaux","02151","Poulets","2023","2023","% du total des UGB","22.99","E","Valeur estimée"
"EK","Tendances dans l’élevage","434","Libye","5118","Réserves","02151","Poulets","2023","2023","Unités de gros bétail (UGB)","378990","E","Valeur estimée"
"EK","Tendances dans l’élevage","440","Lituanie","7213","Densité des animaux dans la superficie agricole","02151","Poulets","2023","2023","UGB/ha","0.03","E","Valeur estimée"
"EK","Tendances dans l’élevage","440","Lituanie","7211","Part du total des animaux","02151","Poulets","2023","2023","% du total des UGB","15.75","E","Valeur estimée"
"EK","Tendances dans l’élevage","440","Lituanie","5118","Réserves","02151","Poulets","2023","2023","Unités de gros bétail (UGB)","97290","E","Valeur estimée"
"EK","Tendances dans l’élevage","807","Macédoine du Nord","7213","Densité des animaux dans la superficie agricole","02151","Poulets","2023","2023","UGB/ha","0.01","E","Valeur estimée"
"EK","Tendances dans l’élevage","807","Macédoine du Nord","7211","Part du total des animaux","02151","Poulets","2023","2023","% du total des UGB","7.61","E","Valeur estimée"
"EK","Tendances dans l’élevage","807","Macédoine du Nord","5118","Réserves","02151","Poulets","2023","2023","Unités de gros bétail (UGB)","17460","E","Valeur estimée"
"EK","Tendances dans l’élevage","450","Madagascar","7213","Densité des animaux dans la superficie agricole","02151","Poulets","2023","2023","UGB/ha","0.01","E","Valeur estimée"
"EK","Tendances dans l’élevage","450","Madagascar","7211","Part du total des animaux","02151","Poulets","2023","2023","% du total des UGB","9.06","E","Valeur estimée"
"EK","Tendances dans l’élevage","450","Madagascar","5118","Réserves","02151","Poulets","2023","2023","Unités de gros bétail (UGB)","450830","E","Valeur estimée"
"EK","Tendances dans l’élevage","458","Malaisie","7213","Densité des animaux dans la superficie agricole","02151","Poulets","2023","2023","UGB/ha","0.37","E","Valeur estimée"
"EK","Tendances dans l’élevage","458","Malaisie","7211","Part du total des animaux","02151","Poulets","2023","2023","% du total des UGB","77.99","E","Valeur estimée"
"EK","Tendances dans l’élevage","458","Malaisie","5118","Réserves","02151","Poulets","2023","2023","Unités de gros bétail (UGB)","3131020","E","Valeur estimée"
"EK","Tendances dans l’élevage","454","Malawi","7213","Densité des animaux dans la superficie agricole","02151","Poulets","2023","2023","UGB/ha","0.03","E","Valeur estimée"
"EK","Tendances dans l’élevage","454","Malawi","7211","Part du total des animaux","02151","Poulets","2023","2023","% du total des UGB","4.5","E","Valeur estimée"
"EK","Tendances dans l’élevage","454","Malawi","5118","Réserves","02151","Poulets","2023","2023","Unités de gros bétail (UGB)","197440","E","Valeur estimée"
"EK","Tendances dans l’élevage","466","Mali","7213","Densité des animaux dans la superficie agricole","02151","Poulets","2023","2023","UGB/ha","0.01","E","Valeur estimée"
"EK","Tendances dans l’élevage","466","Mali","7211","Part du total des animaux","02151","Poulets","2023","2023","% du total des UGB","4.13","E","Valeur estimée"
"EK","Tendances dans l’élevage","466","Mali","5118","Réserves","02151","Poulets","2023","2023","Unités de gros bétail (UGB)","603100","E","Valeur estimée"
"EK","Tendances dans l’élevage","504","Maroc","7213","Densité des animaux dans la superficie agricole","02151","Poulets","2023","2023","UGB/ha","0.08","E","Valeur estimée"
"EK","Tendances dans l’élevage","504","Maroc","7211","Part du total des animaux","02151","Poulets","2023","2023","% du total des UGB","29.18","E","Valeur estimée"
"EK","Tendances dans l’élevage","504","Maroc","5118","Réserves","02151","Poulets","2023","2023","Unités de gros bétail (UGB)","2242930","E","Valeur estimée"
"EK","Tendances dans l’élevage","480","Maurice","7213","Densité des animaux dans la superficie agricole","02151","Poulets","2023","2023","UGB/ha","1.95","E","Valeur estimée"
"EK","Tendances dans l’élevage","480","Maurice","7211","Part du total des animaux","02151","Poulets","2023","2023","% du total des UGB","95.1","E","Valeur estimée"
"EK","Tendances dans l’élevage","480","Maurice","5118","Réserves","02151","Poulets","2023","2023","Unités de gros bétail (UGB)","167590","E","Valeur estimée"
"EK","Tendances dans l’élevage","478","Mauritanie","7213","Densité des animaux dans la superficie agricole","02151","Poulets","2023","2023","UGB/ha","0","E","Valeur estimée"
"EK","Tendances dans l’élevage","478","Mauritanie","7211","Part du total des animaux","02151","Poulets","2023","2023","% du total des UGB","1.16","E","Valeur estimée"
"EK","Tendances dans l’élevage","478","Mauritanie","5118","Réserves","02151","Poulets","2023","2023","Unités de gros bétail (UGB)","47790","E","Valeur estimée"
"EK","Tendances dans l’élevage","484","Mexique","7213","Densité des animaux dans la superficie agricole","02151","Poulets","2023","2023","UGB/ha","0.06","E","Valeur estimée"
"EK","Tendances dans l’élevage","484","Mexique","7211","Part du total des animaux","02151","Poulets","2023","2023","% du total des UGB","13.7","E","Valeur estimée"
"EK","Tendances dans l’élevage","484","Mexique","5118","Réserves","02151","Poulets","2023","2023","Unités de gros bétail (UGB)","6210720","E","Valeur estimée"
"EK","Tendances dans l’élevage","583","Micronésie (États fédérés de)","7213","Densité des animaux dans la superficie agricole","02151","Poulets","2023","2023","UGB/ha","0.38","E","Valeur estimée"
"EK","Tendances dans l’élevage","583","Micronésie (États fédérés de)","7211","Part du total des animaux","02151","Poulets","2023","2023","% du total des UGB","9.13","E","Valeur estimée"
"EK","Tendances dans l’élevage","583","Micronésie (États fédérés de)","5118","Réserves","02151","Poulets","2023","2023","Unités de gros bétail (UGB)","1920","E","Valeur estimée"
"EK","Tendances dans l’élevage","496","Mongolie","7213","Densité des animaux dans la superficie agricole","02151","Poulets","2023","2023","UGB/ha","0","E","Valeur estimée"
"EK","Tendances dans l’élevage","496","Mongolie","7211","Part du total des animaux","02151","Poulets","2023","2023","% du total des UGB","0.14","E","Valeur estimée"
"EK","Tendances dans l’élevage","496","Mongolie","5118","Réserves","02151","Poulets","2023","2023","Unités de gros bétail (UGB)","17950","E","Valeur estimée"
"EK","Tendances dans l’élevage","499","Monténégro","7213","Densité des animaux dans la superficie agricole","02151","Poulets","2023","2023","UGB/ha","0.03","E","Valeur estimée"
"EK","Tendances dans l’élevage","499","Monténégro","7211","Part du total des animaux","02151","Poulets","2023","2023","% du total des UGB","10.37","E","Valeur estimée"
"EK","Tendances dans l’élevage","499","Monténégro","5118","Réserves","02151","Poulets","2023","2023","Unités de gros bétail (UGB)","8100","E","Valeur estimée"
"EK","Tendances dans l’élevage","508","Mozambique","7213","Densité des animaux dans la superficie agricole","02151","Poulets","2023","2023","UGB/ha","0","E","Valeur estimée"
"EK","Tendances dans l’élevage","508","Mozambique","7211","Part du total des animaux","02151","Poulets","2023","2023","% du total des UGB","9.53","E","Valeur estimée"
"EK","Tendances dans l’élevage","508","Mozambique","5118","Réserves","02151","Poulets","2023","2023","Unités de gros bétail (UGB)","198800","E","Valeur estimée"
"EK","Tendances dans l’élevage","104","Myanmar","7213","Densité des animaux dans la superficie agricole","02151","Poulets","2023","2023","UGB/ha","0.1","E","Valeur estimée"
"EK","Tendances dans l’élevage","104","Myanmar","7211","Part du total des animaux","02151","Poulets","2023","2023","% du total des UGB","11.13","E","Valeur estimée"
"EK","Tendances dans l’élevage","104","Myanmar","5118","Réserves","02151","Poulets","2023","2023","Unités de gros bétail (UGB)","1350000","E","Valeur estimée"
"EK","Tendances dans l’élevage","516","Namibie","7213","Densité des animaux dans la superficie agricole","02151","Poulets","2023","2023","UGB/ha","0","E","Valeur estimée"
"EK","Tendances dans l’élevage","516","Namibie","7211","Part du total des animaux","02151","Poulets","2023","2023","% du total des UGB","1.85","E","Valeur estimée"
"EK","Tendances dans l’élevage","516","Namibie","5118","Réserves","02151","Poulets","2023","2023","Unités de gros bétail (UGB)","43540","E","Valeur estimée"
"EK","Tendances dans l’élevage","520","Nauru","7213","Densité des animaux dans la superficie agricole","02151","Poulets","2023","2023","UGB/ha","0.13","E","Valeur estimée"
"EK","Tendances dans l’élevage","520","Nauru","7211","Part du total des animaux","02151","Poulets","2023","2023","% du total des UGB","7.62","E","Valeur estimée"
"EK","Tendances dans l’élevage","520","Nauru","5118","Réserves","02151","Poulets","2023","2023","Unités de gros bétail (UGB)","50","E","Valeur estimée"
"EK","Tendances dans l’élevage","524","Népal","7213","Densité des animaux dans la superficie agricole","02151","Poulets","2023","2023","UGB/ha","0.17","E","Valeur estimée"
"EK","Tendances dans l’élevage","524","Népal","7211","Part du total des animaux","02151","Poulets","2023","2023","% du total des UGB","10.28","E","Valeur estimée"
"EK","Tendances dans l’élevage","524","Népal","5118","Réserves","02151","Poulets","2023","2023","Unités de gros bétail (UGB)","652050","E","Valeur estimée"
"EK","Tendances dans l’élevage","558","Nicaragua","7213","Densité des animaux dans la superficie agricole","02151","Poulets","2023","2023","UGB/ha","0.06","E","Valeur estimée"
"EK","Tendances dans l’élevage","558","Nicaragua","7211","Part du total des animaux","02151","Poulets","2023","2023","% du total des UGB","6.29","E","Valeur estimée"
"EK","Tendances dans l’élevage","558","Nicaragua","5118","Réserves","02151","Poulets","2023","2023","Unités de gros bétail (UGB)","283410","E","Valeur estimée"
"EK","Tendances dans l’élevage","562","Niger","7213","Densité des animaux dans la superficie agricole","02151","Poulets","2023","2023","UGB/ha","0","E","Valeur estimée"
"EK","Tendances dans l’élevage","562","Niger","7211","Part du total des animaux","02151","Poulets","2023","2023","% du total des UGB","1.47","E","Valeur estimée"
"EK","Tendances dans l’élevage","562","Niger","5118","Réserves","02151","Poulets","2023","2023","Unités de gros bétail (UGB)","209550","E","Valeur estimée"
"EK","Tendances dans l’élevage","566","Nigéria","7213","Densité des animaux dans la superficie agricole","02151","Poulets","2023","2023","UGB/ha","0.03","E","Valeur estimée"
"EK","Tendances dans l’élevage","566","Nigéria","7211","Part du total des animaux","02151","Poulets","2023","2023","% du total des UGB","7.76","E","Valeur estimée"
"EK","Tendances dans l’élevage","566","Nigéria","5118","Réserves","02151","Poulets","2023","2023","Unités de gros bétail (UGB)","2278360","E","Valeur estimée"
"EK","Tendances dans l’élevage","570","Nioué","7213","Densité des animaux dans la superficie agricole","02151","Poulets","2023","2023","UGB/ha","0.04","E","Valeur estimée"
"EK","Tendances dans l’élevage","570","Nioué","7211","Part du total des animaux","02151","Poulets","2023","2023","% du total des UGB","26.25","E","Valeur estimée"
"EK","Tendances dans l’élevage","570","Nioué","5118","Réserves","02151","Poulets","2023","2023","Unités de gros bétail (UGB)","190","E","Valeur estimée"
"EK","Tendances dans l’élevage","578","Norvège","7213","Densité des animaux dans la superficie agricole","02151","Poulets","2023","2023","UGB/ha","0.17","E","Valeur estimée"
"EK","Tendances dans l’élevage","578","Norvège","7211","Part du total des animaux","02151","Poulets","2023","2023","% du total des UGB","11.89","E","Valeur estimée"
"EK","Tendances dans l’élevage","578","Norvège","5118","Réserves","02151","Poulets","2023","2023","Unités de gros bétail (UGB)","164840","E","Valeur estimée"
"EK","Tendances dans l’élevage","540","Nouvelle-Calédonie","7213","Densité des animaux dans la superficie agricole","02151","Poulets","2023","2023","UGB/ha","0.03","E","Valeur estimée"
"EK","Tendances dans l’élevage","540","Nouvelle-Calédonie","7211","Part du total des animaux","02151","Poulets","2023","2023","% du total des UGB","8.41","E","Valeur estimée"
"EK","Tendances dans l’élevage","540","Nouvelle-Calédonie","5118","Réserves","02151","Poulets","2023","2023","Unités de gros bétail (UGB)","5750","E","Valeur estimée"
"EK","Tendances dans l’élevage","554","Nouvelle-Zélande","7213","Densité des animaux dans la superficie agricole","02151","Poulets","2023","2023","UGB/ha","0.03","E","Valeur estimée"
"EK","Tendances dans l’élevage","554","Nouvelle-Zélande","7211","Part du total des animaux","02151","Poulets","2023","2023","% du total des UGB","2.22","E","Valeur estimée"
"EK","Tendances dans l’élevage","554","Nouvelle-Zélande","5118","Réserves","02151","Poulets","2023","2023","Unités de gros bétail (UGB)","252740","E","Valeur estimée"
"EK","Tendances dans l’élevage","512","Oman","7213","Densité des animaux dans la superficie agricole","02151","Poulets","2023","2023","UGB/ha","0.03","E","Valeur estimée"
"EK","Tendances dans l’élevage","512","Oman","7211","Part du total des animaux","02151","Poulets","2023","2023","% du total des UGB","5.51","E","Valeur estimée"
"EK","Tendances dans l’élevage","512","Oman","5118","Réserves","02151","Poulets","2023","2023","Unités de gros bétail (UGB)","50240","E","Valeur estimée"
"EK","Tendances dans l’élevage","800","Ouganda","7213","Densité des animaux dans la superficie agricole","02151","Poulets","2023","2023","UGB/ha","0.03","E","Valeur estimée"
"EK","Tendances dans l’élevage","800","Ouganda","7211","Part du total des animaux","02151","Poulets","2023","2023","% du total des UGB","4.3","E","Valeur estimée"
"EK","Tendances dans l’élevage","800","Ouganda","5118","Réserves","02151","Poulets","2023","2023","Unités de gros bétail (UGB)","486610","E","Valeur estimée"
"EK","Tendances dans l’élevage","860","Ouzbékistan","7213","Densité des animaux dans la superficie agricole","02151","Poulets","2023","2023","UGB/ha","0.04","E","Valeur estimée"
"EK","Tendances dans l’élevage","860","Ouzbékistan","7211","Part du total des animaux","02151","Poulets","2023","2023","% du total des UGB","7.48","E","Valeur estimée"
"EK","Tendances dans l’élevage","860","Ouzbékistan","5118","Réserves","02151","Poulets","2023","2023","Unités de gros bétail (UGB)","899500","E","Valeur estimée"
"EK","Tendances dans l’élevage","586","Pakistan","7213","Densité des animaux dans la superficie agricole","02151","Poulets","2023","2023","UGB/ha","0.52","E","Valeur estimée"
"EK","Tendances dans l’élevage","586","Pakistan","7211","Part du total des animaux","02151","Poulets","2023","2023","% du total des UGB","22.44","E","Valeur estimée"
"EK","Tendances dans l’élevage","586","Pakistan","5118","Réserves","02151","Poulets","2023","2023","Unités de gros bétail (UGB)","18870000","E","Valeur estimée"
"EK","Tendances dans l’élevage","275","Palestine","7213","Densité des animaux dans la superficie agricole","02151","Poulets","2023","2023","UGB/ha","0.14","E","Valeur estimée"
"EK","Tendances dans l’élevage","275","Palestine","7211","Part du total des animaux","02151","Poulets","2023","2023","% du total des UGB","29.63","E","Valeur estimée"
"EK","Tendances dans l’élevage","275","Palestine","5118","Réserves","02151","Poulets","2023","2023","Unités de gros bétail (UGB)","56620","E","Valeur estimée"
"EK","Tendances dans l’élevage","591","Panama","7213","Densité des animaux dans la superficie agricole","02151","Poulets","2023","2023","UGB/ha","0.14","E","Valeur estimée"
"EK","Tendances dans l’élevage","591","Panama","7211","Part du total des animaux","02151","Poulets","2023","2023","% du total des UGB","19.77","E","Valeur estimée"
"EK","Tendances dans l’élevage","591","Panama","5118","Réserves","02151","Poulets","2023","2023","Unités de gros bétail (UGB)","301030","E","Valeur estimée"
"EK","Tendances dans l’élevage","598","Papouasie-Nouvelle-Guinée","7213","Densité des animaux dans la superficie agricole","02151","Poulets","2023","2023","UGB/ha","0.03","E","Valeur estimée"
"EK","Tendances dans l’élevage","598","Papouasie-Nouvelle-Guinée","7211","Part du total des animaux","02151","Poulets","2023","2023","% du total des UGB","8.9","E","Valeur estimée"
"EK","Tendances dans l’élevage","598","Papouasie-Nouvelle-Guinée","5118","Réserves","02151","Poulets","2023","2023","Unités de gros bétail (UGB)","47390","E","Valeur estimée"
"EK","Tendances dans l’élevage","600","Paraguay","7213","Densité des animaux dans la superficie agricole","02151","Poulets","2023","2023","UGB/ha","0.01","E","Valeur estimée"
"EK","Tendances dans l’élevage","600","Paraguay","7211","Part du total des animaux","02151","Poulets","2023","2023","% du total des UGB","2.48","E","Valeur estimée"
"EK","Tendances dans l’élevage","600","Paraguay","5118","Réserves","02151","Poulets","2023","2023","Unités de gros bétail (UGB)","254700","E","Valeur estimée"
"EK","Tendances dans l’élevage","528","Pays-Bas (Royaume des)","7213","Densité des animaux dans la superficie agricole","02151","Poulets","2023","2023","UGB/ha","0.52","E","Valeur estimée"
"EK","Tendances dans l’élevage","528","Pays-Bas (Royaume des)","7211","Part du total des animaux","02151","Poulets","2023","2023","% du total des UGB","13.15","E","Valeur estimée"
"EK","Tendances dans l’élevage","528","Pays-Bas (Royaume des)","5118","Réserves","02151","Poulets","2023","2023","Unités de gros bétail (UGB)","930040","E","Valeur estimée"
"EK","Tendances dans l’élevage","604","Pérou","7213","Densité des animaux dans la superficie agricole","02151","Poulets","2023","2023","UGB/ha","0.08","E","Valeur estimée"
"EK","Tendances dans l’élevage","604","Pérou","7211","Part du total des animaux","02151","Poulets","2023","2023","% du total des UGB","20.84","E","Valeur estimée"
"EK","Tendances dans l’élevage","604","Pérou","5118","Réserves","02151","Poulets","2023","2023","Unités de gros bétail (UGB)","1916960","E","Valeur estimée"
"EK","Tendances dans l’élevage","608","Philippines","7213","Densité des animaux dans la superficie agricole","02151","Poulets","2023","2023","UGB/ha","0.15","E","Valeur estimée"
"EK","Tendances dans l’élevage","608","Philippines","7211","Part du total des animaux","02151","Poulets","2023","2023","% du total des UGB","22.41","E","Valeur estimée"
"EK","Tendances dans l’élevage","608","Philippines","5118","Réserves","02151","Poulets","2023","2023","Unités de gros bétail (UGB)","1912030","E","Valeur estimée"
"EK","Tendances dans l’élevage","616","Pologne","7213","Densité des animaux dans la superficie agricole","02151","Poulets","2023","2023","UGB/ha","0.13","E","Valeur estimée"
"EK","Tendances dans l’élevage","616","Pologne","7211","Part du total des animaux","02151","Poulets","2023","2023","% du total des UGB","23.54","E","Valeur estimée"
"EK","Tendances dans l’élevage","616","Pologne","5118","Réserves","02151","Poulets","2023","2023","Unités de gros bétail (UGB)","1951450","E","Valeur estimée"
"EK","Tendances dans l’élevage","258","Polynésie française","7213","Densité des animaux dans la superficie agricole","02151","Poulets","2023","2023","UGB/ha","0.11","E","Valeur estimée"
"EK","Tendances dans l’élevage","258","Polynésie française","7211","Part du total des animaux","02151","Poulets","2023","2023","% du total des UGB","19.38","E","Valeur estimée"
"EK","Tendances dans l’élevage","258","Polynésie française","5118","Réserves","02151","Poulets","2023","2023","Unités de gros bétail (UGB)","3380","E","Valeur estimée"
"EK","Tendances dans l’élevage","630","Porto Rico","7213","Densité des animaux dans la superficie agricole","02151","Poulets","2023","2023","UGB/ha","0.26","E","Valeur estimée"
"EK","Tendances dans l’élevage","630","Porto Rico","7211","Part du total des animaux","02151","Poulets","2023","2023","% du total des UGB","22.27","E","Valeur estimée"
"EK","Tendances dans l’élevage","630","Porto Rico","5118","Réserves","02151","Poulets","2023","2023","Unités de gros bétail (UGB)","43650","E","Valeur estimée"
"EK","Tendances dans l’élevage","634","Qatar","7213","Densité des animaux dans la superficie agricole","02151","Poulets","2023","2023","UGB/ha","4.33","E","Valeur estimée"
"EK","Tendances dans l’élevage","634","Qatar","7211","Part du total des animaux","02151","Poulets","2023","2023","% du total des UGB","58.11","E","Valeur estimée"
"EK","Tendances dans l’élevage","634","Qatar","5118","Réserves","02151","Poulets","2023","2023","Unités de gros bétail (UGB)","320380","E","Valeur estimée"
"EK","Tendances dans l’élevage","760","République arabe syrienne","7213","Densité des animaux dans la superficie agricole","02151","Poulets","2023","2023","UGB/ha","0.01","E","Valeur estimée"
"EK","Tendances dans l’élevage","760","République arabe syrienne","7211","Part du total des animaux","02151","Poulets","2023","2023","% du total des UGB","5.38","E","Valeur estimée"
"EK","Tendances dans l’élevage","760","République arabe syrienne","5118","Réserves","02151","Poulets","2023","2023","Unités de gros bétail (UGB)","154900","E","Valeur estimée"
"EK","Tendances dans l’élevage","140","République centrafricaine","7213","Densité des animaux dans la superficie agricole","02151","Poulets","2023","2023","UGB/ha","0.01","E","Valeur estimée"
"EK","Tendances dans l’élevage","140","République centrafricaine","7211","Part du total des animaux","02151","Poulets","2023","2023","% du total des UGB","2.09","E","Valeur estimée"
"EK","Tendances dans l’élevage","140","République centrafricaine","5118","Réserves","02151","Poulets","2023","2023","Unités de gros bétail (UGB)","70480","E","Valeur estimée"
"EK","Tendances dans l’élevage","410","République de Corée","7213","Densité des animaux dans la superficie agricole","02151","Poulets","2023","2023","UGB/ha","1.16","E","Valeur estimée"
"EK","Tendances dans l’élevage","410","République de Corée","7211","Part du total des animaux","02151","Poulets","2023","2023","% du total des UGB","25.06","E","Valeur estimée"
"EK","Tendances dans l’élevage","410","République de Corée","5118","Réserves","02151","Poulets","2023","2023","Unités de gros bétail (UGB)","1821270","E","Valeur estimée"
"EK","Tendances dans l’élevage","498","République de Moldova","7213","Densité des animaux dans la superficie agricole","02151","Poulets","2023","2023","UGB/ha","0.21","E","Valeur estimée"
"EK","Tendances dans l’élevage","498","République de Moldova","7211","Part du total des animaux","02151","Poulets","2023","2023","% du total des UGB","70.25","E","Valeur estimée"
"EK","Tendances dans l’élevage","498","République de Moldova","5118","Réserves","02151","Poulets","2023","2023","Unités de gros bétail (UGB)","506960","E","Valeur estimée"
"EK","Tendances dans l’élevage","180","République démocratique du Congo","7213","Densité des animaux dans la superficie agricole","02151","Poulets","2023","2023","UGB/ha","0.01","E","Valeur estimée"
"EK","Tendances dans l’élevage","180","République démocratique du Congo","7211","Part du total des animaux","02151","Poulets","2023","2023","% du total des UGB","10.47","E","Valeur estimée"
"EK","Tendances dans l’élevage","180","République démocratique du Congo","5118","Réserves","02151","Poulets","2023","2023","Unités de gros bétail (UGB)","190020","E","Valeur estimée"
"EK","Tendances dans l’élevage","418","République démocratique populaire lao","7213","Densité des animaux dans la superficie agricole","02151","Poulets","2023","2023","UGB/ha","0.23","E","Valeur estimée"
"EK","Tendances dans l’élevage","418","République démocratique populaire lao","7211","Part du total des animaux","02151","Poulets","2023","2023","% du total des UGB","12.28","E","Valeur estimée"
"EK","Tendances dans l’élevage","418","République démocratique populaire lao","5118","Réserves","02151","Poulets","2023","2023","Unités de gros bétail (UGB)","522350","E","Valeur estimée"
"EK","Tendances dans l’élevage","214","République dominicaine","7213","Densité des animaux dans la superficie agricole","02151","Poulets","2023","2023","UGB/ha","0.9","E","Valeur estimée"
"EK","Tendances dans l’élevage","214","République dominicaine","7211","Part du total des animaux","02151","Poulets","2023","2023","% du total des UGB","49.18","E","Valeur estimée"
"EK","Tendances dans l’élevage","214","République dominicaine","5118","Réserves","02151","Poulets","2023","2023","Unités de gros bétail (UGB)","2396420","E","Valeur estimée"
"EK","Tendances dans l’élevage","408","République populaire démocratique de Corée","7213","Densité des animaux dans la superficie agricole","02151","Poulets","2023","2023","UGB/ha","0.03","E","Valeur estimée"
"EK","Tendances dans l’élevage","408","République populaire démocratique de Corée","7211","Part du total des animaux","02151","Poulets","2023","2023","% du total des UGB","4.51","E","Valeur estimée"
"EK","Tendances dans l’élevage","408","République populaire démocratique de Corée","5118","Réserves","02151","Poulets","2023","2023","Unités de gros bétail (UGB)","66450","E","Valeur estimée"
"EK","Tendances dans l’élevage","834","République-Unie de Tanzanie","7213","Densité des animaux dans la superficie agricole","02151","Poulets","2023","2023","UGB/ha","0.01","E","Valeur estimée"
"EK","Tendances dans l’élevage","834","République-Unie de Tanzanie","7211","Part du total des animaux","02151","Poulets","2023","2023","% du total des UGB","1.75","E","Valeur estimée"
"EK","Tendances dans l’élevage","834","République-Unie de Tanzanie","5118","Réserves","02151","Poulets","2023","2023","Unités de gros bétail (UGB)","406410","E","Valeur estimée"
"EK","Tendances dans l’élevage","642","Roumanie","7213","Densité des animaux dans la superficie agricole","02151","Poulets","2023","2023","UGB/ha","0.06","E","Valeur estimée"
"EK","Tendances dans l’élevage","642","Roumanie","7211","Part du total des animaux","02151","Poulets","2023","2023","% du total des UGB","20.25","E","Valeur estimée"
"EK","Tendances dans l’élevage","642","Roumanie","5118","Réserves","02151","Poulets","2023","2023","Unités de gros bétail (UGB)","777500","E","Valeur estimée"
"EK","Tendances dans l’élevage","826","Royaume-Uni de Grande-Bretagne et d'Irlande du Nord","7213","Densité des animaux dans la superficie agricole","02151","Poulets","2023","2023","UGB/ha","0.1","E","Valeur estimée"
"EK","Tendances dans l’élevage","826","Royaume-Uni de Grande-Bretagne et d'Irlande du Nord","7211","Part du total des animaux","02151","Poulets","2023","2023","% du total des UGB","11.19","E","Valeur estimée"
"EK","Tendances dans l’élevage","826","Royaume-Uni de Grande-Bretagne et d'Irlande du Nord","5118","Réserves","02151","Poulets","2023","2023","Unités de gros bétail (UGB)","1702330","E","Valeur estimée"
"EK","Tendances dans l’élevage","646","Rwanda","7213","Densité des animaux dans la superficie agricole","02151","Poulets","2023","2023","UGB/ha","0.02","E","Valeur estimée"
"EK","Tendances dans l’élevage","646","Rwanda","7211","Part du total des animaux","02151","Poulets","2023","2023","% du total des UGB","3.03","E","Valeur estimée"
"EK","Tendances dans l’élevage","646","Rwanda","5118","Réserves","02151","Poulets","2023","2023","Unités de gros bétail (UGB)","32600","E","Valeur estimée"
"EK","Tendances dans l’élevage","662","Sainte-Lucie","7213","Densité des animaux dans la superficie agricole","02151","Poulets","2023","2023","UGB/ha","0.48","E","Valeur estimée"
"EK","Tendances dans l’élevage","662","Sainte-Lucie","7211","Part du total des animaux","02151","Poulets","2023","2023","% du total des UGB","27.78","E","Valeur estimée"
"EK","Tendances dans l’élevage","662","Sainte-Lucie","5118","Réserves","02151","Poulets","2023","2023","Unités de gros bétail (UGB)","4820","E","Valeur estimée"
"EK","Tendances dans l’élevage","659","Saint-Kitts-et-Nevis","7213","Densité des animaux dans la superficie agricole","02151","Poulets","2023","2023","UGB/ha","0.13","E","Valeur estimée"
"EK","Tendances dans l’élevage","659","Saint-Kitts-et-Nevis","7211","Part du total des animaux","02151","Poulets","2023","2023","% du total des UGB","16.37","E","Valeur estimée"
"EK","Tendances dans l’élevage","659","Saint-Kitts-et-Nevis","5118","Réserves","02151","Poulets","2023","2023","Unités de gros bétail (UGB)","780","E","Valeur estimée"
"EK","Tendances dans l’élevage","670","Saint-Vincent-et-les Grenadines","7213","Densité des animaux dans la superficie agricole","02151","Poulets","2023","2023","UGB/ha","0.35","E","Valeur estimée"
"EK","Tendances dans l’élevage","670","Saint-Vincent-et-les Grenadines","7211","Part du total des animaux","02151","Poulets","2023","2023","% du total des UGB","32.79","E","Valeur estimée"
"EK","Tendances dans l’élevage","670","Saint-Vincent-et-les Grenadines","5118","Réserves","02151","Poulets","2023","2023","Unités de gros bétail (UGB)","2470","E","Valeur estimée"
"EK","Tendances dans l’élevage","882","Samoa","7213","Densité des animaux dans la superficie agricole","02151","Poulets","2023","2023","UGB/ha","0.09","E","Valeur estimée"
"EK","Tendances dans l’élevage","882","Samoa","7211","Part du total des animaux","02151","Poulets","2023","2023","% du total des UGB","8","E","Valeur estimée"
"EK","Tendances dans l’élevage","882","Samoa","5118","Réserves","02151","Poulets","2023","2023","Unités de gros bétail (UGB)","4170","E","Valeur estimée"
"EK","Tendances dans l’élevage","678","Sao Tomé-et-Principe","7213","Densité des animaux dans la superficie agricole","02151","Poulets","2023","2023","UGB/ha","0.05","E","Valeur estimée"
"EK","Tendances dans l’élevage","678","Sao Tomé-et-Principe","7211","Part du total des animaux","02151","Poulets","2023","2023","% du total des UGB","17.37","E","Valeur estimée"
"EK","Tendances dans l’élevage","678","Sao Tomé-et-Principe","5118","Réserves","02151","Poulets","2023","2023","Unités de gros bétail (UGB)","2240","E","Valeur estimée"
"EK","Tendances dans l’élevage","686","Sénégal","7213","Densité des animaux dans la superficie agricole","02151","Poulets","2023","2023","UGB/ha","0.11","E","Valeur estimée"
"EK","Tendances dans l’élevage","686","Sénégal","7211","Part du total des animaux","02151","Poulets","2023","2023","% du total des UGB","20.84","E","Valeur estimée"
"EK","Tendances dans l’élevage","686","Sénégal","5118","Réserves","02151","Poulets","2023","2023","Unités de gros bétail (UGB)","1023730","E","Valeur estimée"
"EK","Tendances dans l’élevage","688","Serbie","7213","Densité des animaux dans la superficie agricole","02151","Poulets","2023","2023","UGB/ha","0.04","E","Valeur estimée"
"EK","Tendances dans l’élevage","688","Serbie","7211","Part du total des animaux","02151","Poulets","2023","2023","% du total des UGB","10.66","E","Valeur estimée"
"EK","Tendances dans l’élevage","688","Serbie","5118","Réserves","02151","Poulets","2023","2023","Unités de gros bétail (UGB)","139130","E","Valeur estimée"
"EK","Tendances dans l’élevage","690","Seychelles","7213","Densité des animaux dans la superficie agricole","02151","Poulets","2023","2023","UGB/ha","1.71","E","Valeur estimée"
"EK","Tendances dans l’élevage","690","Seychelles","7211","Part du total des animaux","02151","Poulets","2023","2023","% du total des UGB","52.71","E","Valeur estimée"
"EK","Tendances dans l’élevage","690","Seychelles","5118","Réserves","02151","Poulets","2023","2023","Unités de gros bétail (UGB)","2650","E","Valeur estimée"
"EK","Tendances dans l’élevage","694","Sierra Leone","7213","Densité des animaux dans la superficie agricole","02151","Poulets","2023","2023","UGB/ha","0.06","E","Valeur estimée"
"EK","Tendances dans l’élevage","694","Sierra Leone","7211","Part du total des animaux","02151","Poulets","2023","2023","% du total des UGB","22.39","E","Valeur estimée"
"EK","Tendances dans l’élevage","694","Sierra Leone","5118","Réserves","02151","Poulets","2023","2023","Unités de gros bétail (UGB)","229030","E","Valeur estimée"
"EK","Tendances dans l’élevage","702","Singapour","7213","Densité des animaux dans la superficie agricole","02151","Poulets","2023","2023","UGB/ha","43.68","E","Valeur estimée"
"EK","Tendances dans l’élevage","702","Singapour","7211","Part du total des animaux","02151","Poulets","2023","2023","% du total des UGB","99.34","E","Valeur estimée"
"EK","Tendances dans l’élevage","702","Singapour","5118","Réserves","02151","Poulets","2023","2023","Unités de gros bétail (UGB)","28830","E","Valeur estimée"
"EK","Tendances dans l’élevage","703","Slovaquie","7213","Densité des animaux dans la superficie agricole","02151","Poulets","2023","2023","UGB/ha","0.05","E","Valeur estimée"
"EK","Tendances dans l’élevage","703","Slovaquie","7211","Part du total des animaux","02151","Poulets","2023","2023","% du total des UGB","19.53","E","Valeur estimée"
"EK","Tendances dans l’élevage","703","Slovaquie","5118","Réserves","02151","Poulets","2023","2023","Unités de gros bétail (UGB)","94040","E","Valeur estimée"
"EK","Tendances dans l’élevage","705","Slovénie","7213","Densité des animaux dans la superficie agricole","02151","Poulets","2023","2023","UGB/ha","0.07","E","Valeur estimée"
"EK","Tendances dans l’élevage","705","Slovénie","7211","Part du total des animaux","02151","Poulets","2023","2023","% du total des UGB","10.75","E","Valeur estimée"
"EK","Tendances dans l’élevage","705","Slovénie","5118","Réserves","02151","Poulets","2023","2023","Unités de gros bétail (UGB)","40590","E","Valeur estimée"
"EK","Tendances dans l’élevage","706","Somalie","7213","Densité des animaux dans la superficie agricole","02151","Poulets","2023","2023","UGB/ha","0","E","Valeur estimée"
"EK","Tendances dans l’élevage","706","Somalie","7211","Part du total des animaux","02151","Poulets","2023","2023","% du total des UGB","0.4","E","Valeur estimée"
"EK","Tendances dans l’élevage","706","Somalie","5118","Réserves","02151","Poulets","2023","2023","Unités de gros bétail (UGB)","38840","E","Valeur estimée"
"EK","Tendances dans l’élevage","729","Soudan","7213","Densité des animaux dans la superficie agricole","02151","Poulets","2023","2023","UGB/ha","0","E","Valeur estimée"
"EK","Tendances dans l’élevage","729","Soudan","7211","Part du total des animaux","02151","Poulets","2023","2023","% du total des UGB","1.73","E","Valeur estimée"
"EK","Tendances dans l’élevage","729","Soudan","5118","Réserves","02151","Poulets","2023","2023","Unités de gros bétail (UGB)","503420","E","Valeur estimée"
"EK","Tendances dans l’élevage","728","Soudan du Sud","7213","Densité des animaux dans la superficie agricole","02151","Poulets","2023","2023","UGB/ha","0.01","E","Valeur estimée"
"EK","Tendances dans l’élevage","728","Soudan du Sud","7211","Part du total des animaux","02151","Poulets","2023","2023","% du total des UGB","3.35","E","Valeur estimée"
"EK","Tendances dans l’élevage","728","Soudan du Sud","5118","Réserves","02151","Poulets","2023","2023","Unités de gros bétail (UGB)","355560","E","Valeur estimée"
"EK","Tendances dans l’élevage","144","Sri Lanka","7213","Densité des animaux dans la superficie agricole","02151","Poulets","2023","2023","UGB/ha","0.06","E","Valeur estimée"
"EK","Tendances dans l’élevage","144","Sri Lanka","7211","Part du total des animaux","02151","Poulets","2023","2023","% du total des UGB","18.76","E","Valeur estimée"
"EK","Tendances dans l’élevage","144","Sri Lanka","5118","Réserves","02151","Poulets","2023","2023","Unités de gros bétail (UGB)","180650","E","Valeur estimée"
"EK","Tendances dans l’élevage","756","Suisse","7213","Densité des animaux dans la superficie agricole","02151","Poulets","2023","2023","UGB/ha","0.09","E","Valeur estimée"
"EK","Tendances dans l’élevage","756","Suisse","7211","Part du total des animaux","02151","Poulets","2023","2023","% du total des UGB","6.81","E","Valeur estimée"
"EK","Tendances dans l’élevage","756","Suisse","5118","Réserves","02151","Poulets","2023","2023","Unités de gros bétail (UGB)","131520","E","Valeur estimée"
"EK","Tendances dans l’élevage","740","Suriname","7213","Densité des animaux dans la superficie agricole","02151","Poulets","2023","2023","UGB/ha","0.72","E","Valeur estimée"
"EK","Tendances dans l’élevage","740","Suriname","7211","Part du total des animaux","02151","Poulets","2023","2023","% du total des UGB","61.51","E","Valeur estimée"
"EK","Tendances dans l’élevage","740","Suriname","5118","Réserves","02151","Poulets","2023","2023","Unités de gros bétail (UGB)","51120","E","Valeur estimée"
"EK","Tendances dans l’élevage","762","Tadjikistan","7213","Densité des animaux dans la superficie agricole","02151","Poulets","2023","2023","UGB/ha","0.03","E","Valeur estimée"
"EK","Tendances dans l’élevage","762","Tadjikistan","7211","Part du total des animaux","02151","Poulets","2023","2023","% du total des UGB","4.83","E","Valeur estimée"
"EK","Tendances dans l’élevage","762","Tadjikistan","5118","Réserves","02151","Poulets","2023","2023","Unités de gros bétail (UGB)","115100","E","Valeur estimée"
"EK","Tendances dans l’élevage","148","Tchad","7213","Densité des animaux dans la superficie agricole","02151","Poulets","2023","2023","UGB/ha","0","E","Valeur estimée"
"EK","Tendances dans l’élevage","148","Tchad","7211","Part du total des animaux","02151","Poulets","2023","2023","% du total des UGB","0.16","E","Valeur estimée"
"EK","Tendances dans l’élevage","148","Tchad","5118","Réserves","02151","Poulets","2023","2023","Unités de gros bétail (UGB)","61640","E","Valeur estimée"
"EK","Tendances dans l’élevage","203","Tchéquie","7213","Densité des animaux dans la superficie agricole","02151","Poulets","2023","2023","UGB/ha","0.06","E","Valeur estimée"
"EK","Tendances dans l’élevage","203","Tchéquie","7211","Part du total des animaux","02151","Poulets","2023","2023","% du total des UGB","15.65","E","Valeur estimée"
"EK","Tendances dans l’élevage","203","Tchéquie","5118","Réserves","02151","Poulets","2023","2023","Unités de gros bétail (UGB)","219570","E","Valeur estimée"
"EK","Tendances dans l’élevage","764","Thaïlande","7213","Densité des animaux dans la superficie agricole","02151","Poulets","2023","2023","UGB/ha","0.13","E","Valeur estimée"
"EK","Tendances dans l’élevage","764","Thaïlande","7211","Part du total des animaux","02151","Poulets","2023","2023","% du total des UGB","33.94","E","Valeur estimée"
"EK","Tendances dans l’élevage","764","Thaïlande","5118","Réserves","02151","Poulets","2023","2023","Unités de gros bétail (UGB)","2887580","E","Valeur estimée"
"EK","Tendances dans l’élevage","626","Timor-Leste","7213","Densité des animaux dans la superficie agricole","02151","Poulets","2023","2023","UGB/ha","0.02","E","Valeur estimée"
"EK","Tendances dans l’élevage","626","Timor-Leste","7211","Part du total des animaux","02151","Poulets","2023","2023","% du total des UGB","2.01","E","Valeur estimée"
"EK","Tendances dans l’élevage","626","Timor-Leste","5118","Réserves","02151","Poulets","2023","2023","Unités de gros bétail (UGB)","8000","E","Valeur estimée"
"EK","Tendances dans l’élevage","768","Togo","7213","Densité des animaux dans la superficie agricole","02151","Poulets","2023","2023","UGB/ha","0.09","E","Valeur estimée"
"EK","Tendances dans l’élevage","768","Togo","7211","Part du total des animaux","02151","Poulets","2023","2023","% du total des UGB","22.12","E","Valeur estimée"
"EK","Tendances dans l’élevage","768","Togo","5118","Réserves","02151","Poulets","2023","2023","Unités de gros bétail (UGB)","359240","E","Valeur estimée"
"EK","Tendances dans l’élevage","772","Tokélaou","7213","Densité des animaux dans la superficie agricole","02151","Poulets","2023","2023","UGB/ha","0.08","E","Valeur estimée"
"EK","Tendances dans l’élevage","772","Tokélaou","7211","Part du total des animaux","02151","Poulets","2023","2023","% du total des UGB","9.7","E","Valeur estimée"
"EK","Tendances dans l’élevage","772","Tokélaou","5118","Réserves","02151","Poulets","2023","2023","Unités de gros bétail (UGB)","50","E","Valeur estimée"
"EK","Tendances dans l’élevage","776","Tonga","7213","Densité des animaux dans la superficie agricole","02151","Poulets","2023","2023","UGB/ha","0.1","E","Valeur estimée"
"EK","Tendances dans l’élevage","776","Tonga","7211","Part du total des animaux","02151","Poulets","2023","2023","% du total des UGB","9.26","E","Valeur estimée"
"EK","Tendances dans l’élevage","776","Tonga","5118","Réserves","02151","Poulets","2023","2023","Unités de gros bétail (UGB)","3400","E","Valeur estimée"
"EK","Tendances dans l’élevage","780","Trinité-et-Tobago","7213","Densité des animaux dans la superficie agricole","02151","Poulets","2023","2023","UGB/ha","7.53","E","Valeur estimée"
"EK","Tendances dans l’élevage","780","Trinité-et-Tobago","7211","Part du total des animaux","02151","Poulets","2023","2023","% du total des UGB","91.54","E","Valeur estimée"
"EK","Tendances dans l’élevage","780","Trinité-et-Tobago","5118","Réserves","02151","Poulets","2023","2023","Unités de gros bétail (UGB)","406420","E","Valeur estimée"
"EK","Tendances dans l’élevage","788","Tunisie","7213","Densité des animaux dans la superficie agricole","02151","Poulets","2023","2023","UGB/ha","0.1","E","Valeur estimée"
"EK","Tendances dans l’élevage","788","Tunisie","7211","Part du total des animaux","02151","Poulets","2023","2023","% du total des UGB","39.57","E","Valeur estimée"
"EK","Tendances dans l’élevage","788","Tunisie","5118","Réserves","02151","Poulets","2023","2023","Unités de gros bétail (UGB)","996350","E","Valeur estimée"
"EK","Tendances dans l’élevage","792","Türkiye","7213","Densité des animaux dans la superficie agricole","02151","Poulets","2023","2023","UGB/ha","0.1","E","Valeur estimée"
"EK","Tendances dans l’élevage","792","Türkiye","7211","Part du total des animaux","02151","Poulets","2023","2023","% du total des UGB","17.89","E","Valeur estimée"
"EK","Tendances dans l’élevage","792","Türkiye","5118","Réserves","02151","Poulets","2023","2023","Unités de gros bétail (UGB)","3686240","E","Valeur estimée"
"EK","Tendances dans l’élevage","795","Turkménistan","7213","Densité des animaux dans la superficie agricole","02151","Poulets","2023","2023","UGB/ha","0.01","E","Valeur estimée"
"EK","Tendances dans l’élevage","795","Turkménistan","7211","Part du total des animaux","02151","Poulets","2023","2023","% du total des UGB","5.83","E","Valeur estimée"
"EK","Tendances dans l’élevage","795","Turkménistan","5118","Réserves","02151","Poulets","2023","2023","Unités de gros bétail (UGB)","214290","E","Valeur estimée"
"EK","Tendances dans l’élevage","798","Tuvalu","7213","Densité des animaux dans la superficie agricole","02151","Poulets","2023","2023","UGB/ha","0.32","E","Valeur estimée"
"EK","Tendances dans l’élevage","798","Tuvalu","7211","Part du total des animaux","02151","Poulets","2023","2023","% du total des UGB","16.44","E","Valeur estimée"
"EK","Tendances dans l’élevage","798","Tuvalu","5118","Réserves","02151","Poulets","2023","2023","Unités de gros bétail (UGB)","580","E","Valeur estimée"
"EK","Tendances dans l’élevage","804","Ukraine","7213","Densité des animaux dans la superficie agricole","02151","Poulets","2023","2023","UGB/ha","0.04","E","Valeur estimée"
"EK","Tendances dans l’élevage","804","Ukraine","7211","Part du total des animaux","02151","Poulets","2023","2023","% du total des UGB","36.94","E","Valeur estimée"
"EK","Tendances dans l’élevage","804","Ukraine","5118","Réserves","02151","Poulets","2023","2023","Unités de gros bétail (UGB)","1654680","E","Valeur estimée"
"EK","Tendances dans l’élevage","858","Uruguay","7213","Densité des animaux dans la superficie agricole","02151","Poulets","2023","2023","UGB/ha","0.03","E","Valeur estimée"
"EK","Tendances dans l’élevage","858","Uruguay","7211","Part du total des animaux","02151","Poulets","2023","2023","% du total des UGB","5.09","E","Valeur estimée"
"EK","Tendances dans l’élevage","858","Uruguay","5118","Réserves","02151","Poulets","2023","2023","Unités de gros bétail (UGB)","494310","E","Valeur estimée"
"EK","Tendances dans l’élevage","548","Vanuatu","7213","Densité des animaux dans la superficie agricole","02151","Poulets","2023","2023","UGB/ha","0.02","E","Valeur estimée"
"EK","Tendances dans l’élevage","548","Vanuatu","7211","Part du total des animaux","02151","Poulets","2023","2023","% du total des UGB","5.37","E","Valeur estimée"
"EK","Tendances dans l’élevage","548","Vanuatu","5118","Réserves","02151","Poulets","2023","2023","Unités de gros bétail (UGB)","4100","E","Valeur estimée"
"EK","Tendances dans l’élevage","862","Venezuela (République bolivarienne du)","7213","Densité des animaux dans la superficie agricole","02151","Poulets","2023","2023","UGB/ha","0.06","E","Valeur estimée"
"EK","Tendances dans l’élevage","862","Venezuela (République bolivarienne du)","7211","Part du total des animaux","02151","Poulets","2023","2023","% du total des UGB","9.22","E","Valeur estimée"
"EK","Tendances dans l’élevage","862","Venezuela (République bolivarienne du)","5118","Réserves","02151","Poulets","2023","2023","Unités de gros bétail (UGB)","1331980","E","Valeur estimée"
"EK","Tendances dans l’élevage","704","Viet Nam","7213","Densité des animaux dans la superficie agricole","02151","Poulets","2023","2023","UGB/ha","0.37","E","Valeur estimée"
"EK","Tendances dans l’élevage","704","Viet Nam","7211","Part du total des animaux","02151","Poulets","2023","2023","% du total des UGB","27.04","E","Valeur estimée"
"EK","Tendances dans l’élevage","704","Viet Nam","5118","Réserves","02151","Poulets","2023","2023","Unités de gros bétail (UGB)","4572210","E","Valeur estimée"
"EK","Tendances dans l’élevage","887","Yémen","7213","Densité des animaux dans la superficie agricole","02151","Poulets","2023","2023","UGB/ha","0.03","E","Valeur estimée"
"EK","Tendances dans l’élevage","887","Yémen","7211","Part du total des animaux","02151","Poulets","2023","2023","% du total des UGB","14.64","E","Valeur estimée"
"EK","Tendances dans l’élevage","887","Yémen","5118","Réserves","02151","Poulets","2023","2023","Unités de gros bétail (UGB)","696040","E","Valeur estimée"
"EK","Tendances dans l’élevage","894","Zambie","7213","Densité des animaux dans la superficie agricole","02151","Poulets","2023","2023","UGB/ha","0.02","E","Valeur estimée"
"EK","Tendances dans l’élevage","894","Zambie","7211","Part du total des animaux","02151","Poulets","2023","2023","% du total des UGB","12.01","E","Valeur estimée"
"EK","Tendances dans l’élevage","894","Zambie","5118","Réserves","02151","Poulets","2023","2023","Unités de gros bétail (UGB)","412940","E","Valeur estimée"
"EK","Tendances dans l’élevage","716","Zimbabwe","7213","Densité des animaux dans la superficie agricole","02151","Poulets","2023","2023","UGB/ha","0.01","E","Valeur estimée"
"EK","Tendances dans l’élevage","716","Zimbabwe","7211","Part du total des animaux","02151","Poulets","2023","2023","% du total des UGB","4.34","E","Valeur estimée"
"EK","Tendances dans l’élevage","716","Zimbabwe","5118","Réserves","02151","Poulets","2023","2023","Unités de gros bétail (UGB)","175100","E","Valeur estimée"
