Pays;Pourcentage de population urbaine;Croissance annuelle du PIB par habitant en %;PIB par habitant en US$;Stabilité politique;Émissions de CO2 par personne imputables à l'élevage;Densité des poulets dans la superficie agricole par habitant;Part des poulets dans l'élevage en %;Taux de dépendance aux importations de viande de volaille en %;Taux d'autosuffisance en viande de volaille en %
Afghanistan;26.409644479677496;13.367738;396.015997;-2.48408055305481;0.36;0.0;1.91;14.705882352941178;85.29411764705883
Afrique du Sud;65.98663799802267;-8.012762;5976.385898;-0.665642023086548;0.37;0.02;12.19;15.330848089468779;86.9990680335508
Albanie;67.72043511739527;22.158933;8172.294966;0.183348968625069;0.67;0.05;10.69;74.28571428571429;25.71428571428571
Algérie;73.66106204461079;8.111885;5364.027937;-0.577885270118713;0.28;0.05;27.24;0.0;100.43859649122805
Allemagne;75.93332496808833;8.103028;53528.073268;0.586989283561707;0.49;0.09;9.13;51.52519893899205;101.52519893899203
Angola;67.48981888552314;-22.504643;2464.010769;-0.34150505065918;0.26;0.01;11.05;77.94117647058823;22.058823529411764
Antigua-et-Barbuda;28.197736722534184;8.295825;21787.218471;0.923393249511719;0.22;0.18;16.37;100.0;0.0
Arabie saoudite;92.73139497452703;-6.849982;32093.96389;-0.213224530220032;0.32;0.01;32.18;31.512605042016805;73.52941176470588
Argentine;94.83592320248574;1.806923;14187.482741;-0.127517908811569;2.56;0.01;2.58;0.28195488721804507;109.44548872180451
Arménie;63.64753194697413;21.474681;8228.118818;-0.829278230667114;0.36;0.03;8.95;75.47169811320755;26.41509433962264
Australie;86.07860671629682;-1.240942;67128.630651;0.91705721616745;3.82;0.0;2.98;0.3558718861209964;104.12811387900356
Azerbaïdjan;57.5893369846137;-8.389942;7012.47576;-0.730753898620605;0.58;0.06;11.25;19.753086419753085;85.18518518518519
Bahamas;87.47621670338474;8.631098;35896.392021;1.00856232643127;0.05;2.5;89.91;78.57142857142857;21.428571428571427
Bahreïn;103.53998876194044;-1.666138;28453.484338;-0.373967587947845;0.03;2.27;53.91;88.88888888888889;14.285714285714285
Bangladesh;41.29460370185538;-3.604618;2463.628461;-0.908656716346741;0.26;0.34;16.43;0.0;100.0
Barbade;32.15849200952057;7.399373;23804.024967;1.18712854385376;0.2;5.02;75.71;16.666666666666664;83.33333333333334
Belgique;98.48811903259083;7.992642;55048.975235;0.403853088617325;0.69;0.36;12.65;146.15384615384613;219.4871794871795
Belize;47.753377474422656;6.20722;7488.598243;0.58532577753067;0.56;0.09;16.72;0.0;95.65217391304348
Bhoutan;48.58663377353332;3.449011;3839.329336;0.982800424098969;0.53;0.02;4.54;75.0;25.0
Bolivie (État plurinational de);69.96934620009426;1.16225;3686.279814;-0.313183635473251;2.43;0.06;17.9;0.5424954792043399;99.45750452079565
Bosnie-Herzégovine;54.84819343230124;12.841229;8638.667156;-0.353373318910599;0.5;0.08;18.79;21.91780821917808;97.26027397260275
Botswana;74.5150477130476;-6.110424;7820.102062;1.03843998908997;0.67;0.0;1.21;71.42857142857143;14.285714285714285
Brésil;90.61387014534746;11.811417;10377.589772;-0.408567786216736;2.45;0.07;7.81;0.01991635132443736;149.0838478390759
Burkina Faso;32.087361572526376;5.569968;882.68981;-2.035231590271;0.89;0.02;3.91;0.0;100.0
Bélarus;82.87377354185315;-1.984493;7882.833433;-0.729365646839142;1.38;0.15;27.39;6.413301662707839;114.96437054631829
Cabo Verde;76.54801265863983;11.927953;4961.176456;0.903245568275452;0.21;0.08;11.43;100.0;7.6923076923076925
Cambodge;25.513031540621263;6.720846;2457.781843;0.0444938205182552;0.4;0.02;4.54;64.70588235294117;39.705882352941174
Cameroun;58.44309705316243;8.223911;1736.86091;-1.40043640136719;0.39;0.05;9.65;1.6666666666666667;98.33333333333333
Canada;80.31571711365946;-2.084826;54517.041588;0.822420537471771;0.83;0.03;10.12;13.043478260869565;97.12186160440906
Chili;84.42973858827341;10.463195;17067.813622;0.13615994155407;0.41;0.05;14.31;15.591397849462366;102.15053763440861
Chine - RAS de Hong-Kong;103.25239354248048;6.500812;51165.632553;0.673060536384583;0.01;10.55;57.25;102.8301886792453;7.547169811320755
Chine, Taiwan Province de;82.29690641800272;2.6;33500.0;2.0;0.08;1.32;42.25;24.41742654508612;75.88652482269504
Chine, continentale;65.11919179731676;-0.305031;12508.76621;-0.513097047805786;0.26;0.1;19.57;5.005154048791662;97.850570763181
Colombie;80.65824888565145;4.099825;6948.242851;-0.717313230037689;1.27;0.05;7.84;2.7301927194860816;97.26980728051392
Comores;32.82211510759219;9.669957;1702.630215;-0.226316764950752;0.13;0.04;11.33;94.73684210526315;5.263157894736842
Congo;68.68033288667021;-0.785179;2291.271039;0.0191620066761971;0.09;0.0;11.65;96.90265486725663;3.0973451327433628
Costa Rica;83.6671253201189;24.336906;16942.025168;0.984186828136444;1.01;0.16;13.3;18.333333333333332;82.77777777777777
Croatie;60.84440466598888;18.938464;21660.899058;0.59771203994751;0.41;0.07;16.47;49.36708860759494;91.13924050632912
Côte d'Ivoire;48.06150065068424;9.501399;2528.065957;-0.631788194179535;0.15;0.05;45.11;0.8403361344537815;100.0
Danemark;87.27364337331896;0.510165;68440.24516;0.850847959518433;1.34;0.08;4.63;73.77049180327869;130.327868852459
El Salvador;78.59492102857476;5.841748;5391.068504;0.0023323998320847;0.3;0.16;22.38;13.227513227513226;87.3015873015873
Estonie;65.82457818776533;6.250303;30201.408739;0.660533905029297;0.62;0.02;8.86;89.28571428571429;82.14285714285714
Eswatini;30.41212314283717;0.41139;3716.788827;-0.357591271400452;0.72;0.02;5.62;66.66666666666666;50.0
Fidji;59.787479237565535;8.949134;5888.7335;0.744343459606171;0.57;0.18;27.83;8.695652173913043;93.47826086956522
Finlande;86.29357894802617;4.85596;52762.462742;0.713986694812775;0.49;0.08;16.05;19.858156028368796;102.12765957446808
France;81.73518639448484;8.872967;45934.463007;0.343697965145111;0.79;0.08;10.48;40.161104718066746;86.65132336018412
Fédération de Russie;74.17236670666011;-11.375642;13809.214384;-1.13433384895325;0.45;0.02;19.71;1.849688473520249;103.97196261682242
Gabon;83.61957494177574;-4.01739;8071.403834;-0.335527300834656;0.08;0.02;25.47;95.40229885057471;4.597701149425287
Gambie;59.64593962959325;6.43011;890.027675;-0.0120199294760823;0.21;0.02;4.06;97.61904761904762;2.380952380952381
Ghana;57.269356729154694;0.893098;2260.287344;-0.0216207038611174;0.22;0.07;24.66;75.81699346405229;24.18300653594771
Grenade;34.99372229482153;7.371208;11246.345123;1.01801919937134;0.22;0.5;31.11;87.5;12.5
Guatemala;55.397609622772904;7.554019;5762.840913;-0.244364932179451;0.54;0.1;10.99;26.324786324786327;75.38461538461539
Guinée;39.25269210274876;14.86311;1597.042473;-0.877875149250031;0.98;0.02;7.24;82.35294117647058;17.647058823529413
Guinée-Bissau;45.273967545286645;14.13598;855.14715;-0.327665239572525;0.67;0.03;3.47;62.5;37.5
Guyana;26.39828257415415;12.7005;20188.593892;-0.05517203733325;0.49;0.45;76.64;1.5625;98.4375
Géorgie;61.57680699000812;21.809489;8019.85155;-0.335554122924805;0.47;0.04;11.36;84.61538461538461;32.05128205128205
Haïti;60.213537424774856;4.596142;1704.952868;-1.43452179431915;0.39;0.03;3.14;91.52542372881356;7.627118644067797
Honduras;57.495966829408886;7.603903;3231.657268;-0.45921716094017;0.62;0.13;17.12;8.171206225680933;93.77431906614785
Hongrie;71.57104714073651;19.725823;21954.006896;0.731891810894012;0.36;0.06;18.32;38.111888111888106;178.67132867132867
Inde;36.0371378020567;3.37815;2486.512422;-0.635076940059662;0.36;0.05;4.52;0.0;100.07906700929037
Indonésie;58.31046407482097;3.07708;4876.314336;-0.404375314712524;0.22;0.67;66.62;0.0;100.17833259028089
Iran (République islamique d');72.9943315491744;-0.316066;4432.204125;-1.6941009759903;0.31;0.22;45.81;3.173121791880541;96.96686887540831
Iraq;71.28319446074171;-14.097244;5149.465181;-2.41309809684753;0.14;0.15;33.97;74.82014388489209;25.179856115107913
Islande;85.07320194654736;6.857072;80827.016782;1.21440374851227;1.05;0.0;1.49;25.0;83.33333333333334
Israël;91.2442901137537;-4.279311;55487.648843;-1.46484839916229;0.14;0.9;52.32;0.0;100.8888888888889
Jamaïque;59.16896554881248;13.576073;6839.72545;0.384837329387665;0.2;0.34;39.74;15.853658536585366;84.14634146341463
Jordanie;84.25479969644765;2.769769;4442.057345;-0.20273420214653;0.1;0.41;49.07;23.0188679245283;81.13207547169812
Kazakhstan;55.22253599883208;15.50134;13000.068139;-0.27334600687027;1.02;0.0;4.95;34.66386554621849;71.84873949579831
Kenya;30.617044738175796;-7.454542;1952.304584;-0.937771916389465;0.93;0.02;3.25;1.0526315789473684;98.94736842105263
Kirghizistan;34.914404660991785;13.34902;1977.464809;-0.48121976852417;0.81;0.01;2.6;87.09677419354838;22.58064516129032
Kiribati;55.957141779219796;5.214015;2177.692832;1.09988939762115;0.08;0.19;68.14;66.66666666666666;33.33333333333333
Koweït;92.66584028790716;-15.585897;33831.800772;0.408179193735123;0.11;4.02;82.05;71.34831460674157;34.26966292134831
Lesotho;31.70166024074702;-11.051332;916.28297;-0.30576080083847;0.5;0.0;0.95;100.0;0.0
Lettonie;67.22156230676222;11.044576;22443.656948;0.591089129447937;0.67;0.03;16.12;75.40983606557377;60.65573770491803
Liban;89.5756866770255;2.356195;4756.826359;-1.51903915405273;0.11;1.02;79.23;8.461538461538462;93.84615384615384
Libye;77.01652924123614;0.671482;6026.824081;-2.1680154800415;0.4;0.02;22.99;42.35807860262008;57.20524017467249
Libéria;53.59773137999767;8.059545;917.387323;-0.1162094399333;0.06;0.04;37.31;21.052631578947366;78.94736842105263
Lituanie;67.7352117077929;10.863258;27956.240276;0.742111504077911;0.75;0.03;15.75;72.5;107.5
Macédoine du Nord;67.848763130513;13.664105;8605.529551;0.170306503772736;0.44;0.01;7.61;97.5609756097561;4.878048780487805
Madagascar;38.92102662616395;1.033511;508.71842;-0.690745651721954;0.39;0.01;9.06;0.0;100.0
Malaisie;76.4859650168657;-3.017015;11377.477082;0.16851469874382;0.1;0.37;77.99;13.069741900054915;89.62108731466228
Malawi;19.093470287496277;-1.439987;598.293531;-0.235615640878677;0.39;0.03;4.5;0.0;104.08163265306123
Maroc;66.1699746542957;9.17667;3829.963407;-0.367761224508286;0.33;0.08;29.18;1.2711864406779663;98.87005649717514
Maurice;41.082673517652495;11.586328;11304.383585;0.775418817996979;0.07;1.95;95.1;6.349206349206349;93.65079365079364
Mauritanie;59.27968093602294;8.185926;2120.825175;-0.503423988819122;1.92;0.0;1.16;91.22807017543859;8.771929824561402
Mexique;86.9789106051908;21.259077;13826.130918;-0.630761027336121;0.72;0.06;13.7;22.013583699560527;78.04634438673592
Micronésie (États fédérés de);22.908638906152888;6.485696;4084.151273;1.0807785987854;0.61;0.38;9.13;100.0;0.0
Mongolie;67.03160202474874;14.346003;5790.372735;0.592669785022736;7.93;0.0;0.14;100.0;0.0
Monténégro;67.99836477510922;17.097442;11884.641566;0.0693022906780243;0.56;0.03;10.37;85.71428571428571;14.285714285714285
Mozambique;40.47732789140887;7.736068;622.985625;-1.26869130134583;0.14;0.0;9.53;23.414634146341466;76.58536585365854
Myanmar;33.31154041694987;-5.388618;1146.85427;-2.12527012825012;0.52;0.1;11.13;0.0;100.0
Namibie;52.98773748394837;-4.1563;4168.285136;0.54477721452713;1.99;0.0;1.85;108.69565217391303;52.17391304347826
Nauru;94.82947368421053;2.815212;14811.516928;0.976578056812286;0.13;0.13;7.62;100.0;0.0
Nicaragua;57.945226377873425;12.373413;2612.869151;-0.125550046563148;1.78;0.06;6.29;8.938547486033519;91.06145251396647
Niger;17.583178079613326;5.443712;642.937918;-1.66885960102081;1.36;0.0;1.47;20.0;80.0
Nigéria;52.964348428970844;-22.704834;1645.510861;-1.7684383392334;0.29;0.03;7.76;0.3076923076923077;99.6923076923077
Norvège;85.27998880990555;-19.183912;87931.896897;0.892857432365417;0.63;0.17;11.89;2.5210084033613445;98.31932773109243
Nouvelle-Zélande;83.32738559660503;1.642965;48749.951885;1.35856962203979;7.36;0.03;2.22;0.4524886877828055;104.07239819004526
Népal;23.019272114464933;1.919768;1363.336119;-0.226184993982315;0.51;0.17;10.28;0.0;100.0
Oman;95.23340903406017;-9.693163;20972.483089;0.586623668670654;0.38;0.03;5.51;132.89473684210526;9.210526315789473
Ouganda;28.513089107888977;4.675027;1048.625379;-0.69550609588623;0.59;0.03;4.3;0.0;101.0989010989011
Ouzbékistan;48.79619150592415;9.772842;2549.320281;-0.154609963297844;1.01;0.04;7.48;38.095238095238095;62.27106227106227
Pakistan;33.736969504331626;-9.230955;1211.550428;-1.93273079395294;0.78;0.52;22.44;0.0;100.27790643816581
Panama;69.7711852109522;7.547456;18700.808902;0.213101848959923;0.76;0.14;19.77;6.746031746031746;93.65079365079364
Papouasie-Nouvelle-Guinée;12.242326125989988;-3.62566;2985.686759;-0.478844821453094;0.12;0.03;8.9;82.92682926829268;17.073170731707318
Paraguay;67.48374450223592;1.137181;6276.195174;0.0820416286587715;4.07;0.01;2.48;1.5151515151515151;118.18181818181819
Pays-Bas (Royaume des);89.22571554969335;9.155773;63803.219136;0.658281981945038;0.89;0.52;13.15;202.9279279279279;194.36936936936937
Philippines;48.121755609844406;7.237831;3804.872564;-0.566050469875336;0.13;0.15;22.41;16.086235489220563;84.85351022664456
Pologne;58.45318780015213;15.198358;20875.67951;0.559584558010101;0.54;0.13;23.54;6.1688311688311686;223.86363636363637
Pérou;80.25847482703595;7.378694;7906.584586;-0.52178555727005;0.68;0.08;20.84;5.5643879173290935;94.38261791202967
Qatar;97.95567896419098;-12.260992;71499.478474;0.993381142616272;0.21;4.33;58.11;70.66666666666667;19.333333333333332
Roumanie;54.649085839935275;18.662864;18347.511045;0.373643964529037;0.56;0.06;20.25;27.346938775510203;102.24489795918367
Royaume-Uni de Grande-Bretagne et d'Irlande du Nord;84.30049362169325;7.771907;49224.063694;0.514935672283173;0.57;0.1;11.19;35.61544064093226;72.17771303714494
Rwanda;17.900026450303994;3.56684;1010.281074;0.108091473579407;0.19;0.02;3.03;15.384615384615385;84.61538461538461
République arabe syrienne;52.25252804420736;-21.83676;1230.270396;-2.75060677528381;0.26;0.01;5.38;15.873015873015872;84.12698412698413
République de Corée;81.7866673041057;2.272768;35538.223566;0.609834730625153;0.19;1.16;25.06;23.11320754716981;77.20125786163521
République de Moldova;56.22832214458751;12.877437;5393.392331;-0.683699607849121;0.26;0.21;70.25;33.33333333333333;66.66666666666666
République dominicaine;85.17687124959129;6.015137;10717.627198;0.239014014601707;0.72;0.9;49.18;11.738148984198645;88.26185101580135
République démocratique du Congo;44.02235128095751;8.017365;655.434796;-2.04486203193665;0.04;0.01;10.47;87.65432098765432;12.345679012345679
République démocratique populaire lao;37.173315096308635;-3.655037;1957.999133;0.814461767673492;1.11;0.23;12.28;19.298245614035086;80.7017543859649
République-Unie de Tanzanie;38.517434865491865;3.130025;1213.43354;-0.0527516007423401;0.95;0.01;1.75;8.333333333333332;90.74074074074075
Saint-Kitts-et-Nevis;38.65434791907268;7.679548;22624.926137;0.923393249511719;0.21;0.13;16.37;100.0;0.0
Saint-Vincent-et-les Grenadines;59.671545453648235;11.079438;10767.551162;1.01801919937134;0.12;0.35;32.79;100.0;0.0
Sainte-Lucie;19.589480436177038;3.441606;13554.806281;1.01801919937134;0.18;0.48;27.78;83.33333333333334;8.333333333333332
Samoa;16.461047802347426;19.663351;4764.68861;1.09818840026855;0.69;0.09;8.0;106.25;0.0
Sao Tomé-et-Principe;76.88795907671384;23.064915;2962.984377;0.44070503115654;0.07;0.05;17.37;75.0;25.0
Serbie;72.59418404975727;18.601367;11100.677882;-0.0391097068786621;0.56;0.04;10.66;16.666666666666664;88.19444444444444
Seychelles;44.59675969707153;2.070959;16734.776062;0.763500511646271;0.04;1.71;52.71;80.0;20.0
Sierra Leone;44.72144239024778;-11.890354;757.858331;-0.238688722252846;0.22;0.06;22.39;58.490566037735846;41.509433962264154
Slovaquie;53.3324151354055;13.714704;24086.08618;0.573219299316406;0.25;0.05;19.53;103.30578512396693;44.62809917355372
Slovénie;55.06751334500254;15.213926;32641.899068;0.818632841110229;0.64;0.07;10.75;44.44444444444444;119.04761904761905
Sri Lanka;17.778395835173466;12.437003;3672.519292;-0.508541285991669;0.1;0.06;18.76;0.0;100.42553191489361
Suisse;73.9973604826121;7.002083;100830.693983;1.07144391536713;0.6;0.09;6.81;30.967741935483872;70.96774193548387
Suriname;62.40813120342955;2.854148;5976.494775;0.412738472223282;0.16;0.72;61.51;69.56521739130434;43.47826086956522
Sénégal;51.030992932513676;7.499366;1682.091187;-0.138591378927231;0.55;0.11;20.84;0.6666666666666667;98.66666666666667
Tadjikistan;27.210285781274496;10.324492;1160.811678;-0.47282150387764;0.68;0.03;4.83;12.5;87.5
Tchéquie;73.30205529914015;12.272648;31749.943713;0.967361629009247;0.37;0.06;15.65;53.57142857142857;61.07142857142858
Thaïlande;52.05132015391109;3.941374;7181.694737;-0.280302882194519;0.19;0.13;33.94;0.2466091245376079;236.25154130702833
Timor-Leste;34.52776377135939;-35.878662;1502.519645;0.260184526443481;0.65;0.02;2.01;85.71428571428571;14.285714285714285
Tonga;25.212960218744325;0.943907;4859.467165;1.08757400512695;0.8;0.1;9.26;100.0;0.0
Trinité-et-Tobago;49.10647986735262;-11.013066;16959.758316;0.401362389326096;0.17;7.53;91.54;32.432432432432435;67.56756756756756
Tunisie;70.74285326477401;8.11679;3978.634258;-0.630951106548309;0.32;0.1;39.57;0.0;100.40650406504066
Turkménistan;46.04648718612337;3.984239;8131.962662;-0.111424535512924;1.37;0.01;5.83;61.904761904761905;38.095238095238095
Tuvalu;79.91035044824775;8.201325;6880.364352;1.18908190727234;0.76;0.32;16.44;0.0;0.0
Türkiye;75.80634950176349;22.975756;12813.641077;-1.01108038425446;0.46;0.1;17.89;3.5997882477501326;126.04552673372153
Ukraine;79.7242486623587;20.04853;4737.439395;-1.42982339859009;0.26;0.04;36.94;6.786850477200425;139.66065747614
Uruguay;99.7335955073093;10.179149;22796.314998;0.964887142181396;7.66;0.03;5.09;12.048192771084338;89.1566265060241
Vanuatu;25.27737984888065;3.45735;3491.938384;0.932254612445831;0.86;0.02;5.37;100.0;16.666666666666664
Venezuela (République bolivarienne du);107.22088810464871;7.411267;4925.466386;-1.18902802467346;1.31;0.06;9.22;6.493506493506493;93.5064935064935
Viet Nam;39.76843973672244;4.025443;4282.088539;-0.0363807342946529;0.25;0.37;27.04;12.322515212981743;88.23529411764706
Yémen;32.59966115437262;-22.461035;222.334654;-2.56293869018555;0.22;0.03;14.64;36.44859813084112;63.55140186915887
Zambie;45.57954040165576;-7.957634;1330.727814;0.201727285981178;0.38;0.02;12.01;32.857142857142854;72.85714285714285
Zimbabwe;37.436984504206706;13.038369;1858.425757;-0.934447467327118;0.62;0.01;4.34;7.547169811320755;92.45283018867924
Égypte;40.68419166022647;-20.343823;2895.074499;-0.866764307022095;0.09;0.67;39.43;1.1520737327188941;98.98617511520737
Émirats arabes unis;84.02094477574452;-1.57652;48311.080573;0.677530944347382;0.21;0.67;21.58;104.0885860306644;10.221465076660987
Équateur;64.9667190079156;1.051917;6609.804126;-0.338139981031418;0.5;0.32;36.27;0.1763668430335097;99.82363315696648
États-Unis d'Amérique;82.09687693075877;5.986737;80706.052992;0.029424749314785;0.74;0.04;11.81;0.8423521885162873;119.65133017006984
Éthiopie;21.726261863120115;30.832639;1241.311299;-1.96956777572632;0.99;0.01;1.07;0.0;98.46153846153847
Îles Salomon;22.256985893838163;1.806171;2041.632098;0.445870101451874;0.09;0.02;10.75;100.0;0.0
